Study_Hours_Per_Day,Extracurricular_Hours_Per_Day,Sleep_Hours_Per_Day,Social_Hours_Per_Day,Physical_Activity_Hours_Per_Day,GPA,Stress_Level,Total_Productive_Hours,Is_Overworked,Free_Time,Study_Productive_Ratio
6.9,3.8,8.7,2.8,1.8,2.99,1,12.5,0,0.0,0.5519999558400036
5.3,3.5,8.0,4.2,3.0,2.75,0,11.8,0,0.0,0.4491525043091098
5.1,3.9,9.2,1.2,4.6,2.67,0,13.6,0,3.552713678800501e-15,0.3749999724264726
6.5,2.1,7.2,1.7,6.5,2.88,1,15.1,0,0.0,0.4304635476514207
8.1,0.6,6.5,2.2,6.6,3.51,2,15.299999999999999,0,3.552713678800501e-15,0.5294117301038085
6.0,2.1,8.0,0.3,7.6,2.85,1,15.7,0,0.0,0.3821655807537847
8.0,0.7,5.3,5.7,4.3,3.08,2,13.0,0,0.0,0.615384568047341
8.4,1.8,5.6,3.0,5.2,3.2,2,15.400000000000002,0,0.0,0.5454545100354214
5.2,3.6,6.3,4.0,4.9,2.82,0,13.700000000000001,0,0.0,0.3795620160903638
7.7,0.7,9.8,4.5,1.3,2.76,1,9.7,0,0.0,0.7938143511531598
9.7,3.6,8.0,2.5,0.2,3.43,2,13.499999999999998,0,0.0,0.7185184652949286
6.9,1.1,9.1,2.1,4.8,2.97,1,12.799999999999999,0,0.0,0.5390624578857456
6.4,2.2,5.7,4.8,4.9,2.82,2,13.5,1,0.0,0.4740740389574786
5.0,3.3,8.5,4.4,2.8,2.87,0,11.1,0,0.0,0.4504504098693325
8.9,0.3,6.8,0.7,7.3,3.4,2,16.5,0,0.0,0.5393939067033996
6.7,0.3,6.6,2.0,8.4,3.2,1,15.400000000000002,0,0.0,0.4350649068139671
8.6,2.6,9.4,1.6,1.8,3.36,2,13.0,0,0.0,0.6615384106508915
8.8,2.2,8.9,2.0,2.1,3.19,2,13.100000000000001,0,0.0,0.6717556739117806
7.6,1.7,5.1,0.6,9.0,3.16,2,18.3,0,0.0,0.4153005237540697
6.6,2.0,9.5,1.5,4.4,2.93,1,13.0,0,0.0,0.5076922686390563
7.1,3.0,6.1,0.5,7.3,2.9,1,17.4,0,0.0,0.4080459535605774
9.6,3.2,8.2,2.6,0.4,3.34,2,13.2,0,0.0,0.7272726721763128
9.0,0.7,9.5,2.6,2.2,3.21,2,11.899999999999999,0,0.0,0.7563024574535752
6.1,1.7,9.1,5.2,1.9,2.85,1,9.7,0,3.552713678800501e-15,0.6288659145499058
5.0,2.0,7.1,1.3,8.6,2.68,0,15.6,0,0.0,0.3205127999671282
9.7,1.3,7.6,3.8,1.6,3.29,2,12.6,0,0.0,0.7698412087427612
6.8,3.9,9.8,0.9,2.6,2.64,1,13.3,0,0.0,0.511278157046755
6.4,0.1,8.0,3.0,6.5,2.95,1,13.0,0,0.0,0.4923076544378728
5.3,1.1,9.5,1.4,6.7,2.79,0,13.1,0,0.0,0.40458012178777697
9.9,1.0,8.4,3.6,1.1,3.25,2,12.0,0,0.0,0.8249999312500058
6.2,2.9,6.8,3.8,4.3,3.05,1,13.4,0,0.0,0.46268653263533344
5.5,3.3,6.6,1.1,7.5,3.26,0,16.3,0,0.0,0.33742329218262007
5.2,2.4,8.4,0.1,7.9,2.47,0,15.500000000000002,0,0.0,0.33548384932362263
8.2,0.7,8.5,2.3,4.3,3.24,2,13.2,0,0.0,0.6212120741506004
9.7,0.6,6.7,0.7,6.3,3.62,2,16.6,0,3.552713678800501e-15,0.5843373141965472
9.1,2.2,7.6,1.2,3.9,3.12,2,15.2,0,0.0,0.5986841711391993
5.5,3.6,9.5,3.4,2.0,2.58,0,11.1,0,0.0,0.49549545085626573
8.6,3.6,9.4,1.9,0.5,3.03,2,12.7,0,0.0,0.6771653010106062
8.2,0.3,5.8,5.4,4.3,3.29,2,12.8,0,0.0,0.6406249499511757
5.0,0.6,7.7,4.2,6.5,2.61,0,12.1,0,0.0,0.4132231063451979
8.3,0.9,8.6,1.4,4.8,3.48,2,14.000000000000002,0,0.0,0.5928571005102071
8.2,3.4,8.3,2.3,1.8,3.07,2,13.4,1,0.0,0.6119402528402796
5.5,1.5,6.3,1.5,9.2,2.81,0,16.2,0,0.0,0.3395061518823363
9.5,2.5,9.0,1.5,1.5,3.49,2,13.5,0,0.0,0.7037036515775074
7.9,2.0,6.0,4.3,3.8,2.97,1,13.7,0,0.0,0.576642293675745
9.7,3.8,9.6,0.3,0.6,3.55,2,14.099999999999998,0,0.0,0.6879432136210488
5.1,3.7,7.1,5.8,2.3,2.6,0,11.1,1,0.0,0.4594594180667191
9.3,1.3,5.8,3.3,4.3,3.09,2,14.900000000000002,1,0.0,0.6241610319355012
9.7,2.8,7.9,0.3,3.3,3.47,2,15.8,1,0.0,0.6139240117769612
9.4,3.0,8.5,2.2,0.9,3.18,2,13.3,0,0.0,0.7067668641528674
6.8,1.2,9.0,4.9,2.1,3.12,1,10.1,0,0.0,0.6732672600725486
9.0,2.6,8.5,3.1,0.8,4.0,2,12.4,0,0.0,0.7258063930801296
9.5,1.4,6.9,0.6,5.6,3.33,2,16.5,0,0.0,0.5757575408631793
7.3,2.2,6.4,3.5,4.6,3.11,1,14.099999999999998,0,0.0,0.5177304597354285
5.2,0.1,9.1,2.2,7.4,2.79,0,12.700000000000001,0,3.552713678800501e-15,0.40944878665757584
8.8,0.9,8.1,0.5,5.7,3.1,2,15.4,0,0.0,0.5714285343228225
5.3,2.1,7.7,3.8,5.1,2.39,0,12.499999999999998,0,0.0,0.4239999660800028
9.0,1.1,7.2,0.5,6.2,3.39,2,16.3,0,0.0,0.5521472053897419
5.1,3.9,9.2,4.0,1.8,2.52,0,10.799999999999999,0,0.0,0.47222217849794645
5.8,1.0,7.7,4.3,5.2,2.8,0,12.0,0,0.0,0.48333329305555894
8.3,1.1,9.8,3.5,1.3,3.67,2,10.700000000000001,0,0.0,0.7757008620840317
7.1,1.0,6.8,4.5,4.6,3.27,1,12.7,0,0.0,0.5590550740901516
5.1,0.5,5.2,0.2,13.0,2.85,2,18.6,0,0.0,0.2741935336455089
7.4,0.4,7.5,2.8,5.9,3.26,1,13.700000000000001,1,0.0,0.5401459459747485
5.9,1.7,7.0,3.7,5.7,2.8,0,13.3,0,0.0,0.44360898920233166
6.9,2.5,7.5,5.1,2.0,3.06,1,11.4,0,0.0,0.605263104801482
8.3,0.7,5.4,3.9,5.7,3.26,2,14.7,0,0.0,0.564625811930217
9.7,2.3,6.9,3.3,1.8,3.38,2,13.8,1,0.0,0.7028984997899638
7.3,2.2,9.7,1.9,2.9,3.15,1,12.399999999999999,0,0.0,0.5887096299427719
5.4,1.3,9.2,0.1,8.0,2.69,0,14.700000000000001,0,0.0,0.36734691378592427
9.1,1.1,5.6,4.2,4.0,3.54,2,14.2,0,3.552713678800501e-15,0.6408450252926039
8.7,3.2,6.4,1.0,4.7,3.37,2,16.599999999999998,0,0.0,0.5240963539700991
8.8,3.2,10.0,0.8,1.2,3.58,2,13.2,0,0.0,0.6666666161616202
6.7,3.7,9.3,1.8,2.5,2.89,1,12.899999999999999,1,0.0,0.51937980469924
8.8,3.0,5.5,5.4,1.3,3.58,2,13.100000000000001,0,0.0,0.6717556739117806
6.6,3.6,6.9,0.1,6.8,2.99,1,17.0,0,0.0,0.3882352712802781
9.5,0.4,6.6,5.7,1.8,3.44,2,11.700000000000001,0,0.0,0.8119657425670306
8.2,1.8,6.5,2.0,5.5,3.35,2,15.5,0,0.0,0.5290322239334049
8.4,3.0,9.0,2.8,0.8,3.26,2,12.200000000000001,1,0.0,0.6885245337274972
5.3,2.2,7.2,5.3,4.0,2.62,0,11.5,0,0.0,0.4608695251417804
6.8,0.5,5.7,4.6,6.4,2.86,2,13.7,0,0.0,0.49635032873355267
5.4,2.8,5.4,4.9,5.5,2.86,2,13.7,0,0.0,0.3941605551707625
8.5,0.3,5.4,5.9,3.9,2.99,2,12.700000000000001,0,0.0,0.6692912858825759
9.1,3.8,9.9,0.9,0.3,3.08,2,13.2,0,0.0,0.6893938871671298
6.9,0.3,8.9,3.4,4.5,3.21,1,11.700000000000001,0,0.0,0.589743539338159
5.6,2.0,5.1,2.8,8.5,2.81,2,16.1,1,0.0,0.3478260653524182
5.3,0.5,5.6,3.9,8.7,2.9,2,14.5,0,0.0,0.36551721617122646
9.8,1.5,6.4,5.2,1.1,3.78,2,12.4,0,0.0,0.7903225169094745
6.1,3.9,5.1,5.8,3.1,2.96,2,13.1,0,0.0,0.4656488194161207
5.4,2.2,9.8,3.1,3.5,2.81,0,11.100000000000001,1,0.0,0.486486442658879
8.1,2.8,7.3,3.6,2.2,3.39,2,13.100000000000001,0,0.0,0.6183205634869798
5.2,1.1,9.8,5.3,2.6,2.82,0,8.9,1,0.0,0.584269597273079
7.3,2.5,6.4,1.1,6.7,2.67,1,16.5,0,0.0,0.44242421561065354
7.9,0.3,9.9,5.8,0.1,3.08,1,8.3,1,0.0,0.9518071142401068
8.5,2.1,6.5,4.9,2.0,3.1,2,12.6,0,0.0,0.6746031210632444
9.6,3.3,9.7,1.0,0.4,3.54,2,13.3,0,0.0,0.7218044570071837
8.1,1.7,9.7,3.9,0.6,3.45,2,10.399999999999999,0,3.552713678800501e-15,0.7788460789571079
9.9,0.6,8.0,2.1,3.4,3.39,2,13.9,0,0.0,0.712230164587758
9.8,3.4,9.2,0.7,0.9,3.15,2,14.100000000000001,0,0.0,0.6950354116996162
5.3,3.5,9.1,6.0,0.1,2.68,0,8.899999999999999,0,0.0,0.5955055510667921
10.0,2.2,8.8,2.8,0.2,3.41,2,12.399999999999999,0,0.0,0.8064515478668108
7.3,0.5,9.8,3.6,2.8,3.22,1,10.6,0,0.0,0.6886791803132849
6.1,2.7,8.1,2.1,5.0,2.98,1,13.8,0,0.0,0.4420289534761628
7.6,3.1,7.6,4.9,0.8,2.99,1,11.5,0,0.0,0.6608695077504776
7.8,2.2,9.4,1.9,2.7,3.3,1,12.7,0,0.0,0.6141731799863638
8.5,0.9,5.7,0.1,8.8,3.55,2,18.2,1,0.0,0.4670329413718164
6.8,2.4,7.0,2.6,5.2,2.97,1,14.4,0,0.0,0.4722221894290146
7.6,3.1,7.0,3.7,2.6,3.28,1,13.299999999999999,0,3.552713678800501e-15,0.5714285284640205
9.3,3.8,5.7,4.8,0.4,3.05,2,13.5,1,0.0,0.6888888378600861
7.3,3.9,7.5,1.7,3.6,3.08,1,14.8,0,3.552713678800501e-15,0.4932432099159993
8.2,1.0,5.4,0.8,8.6,3.3,2,17.799999999999997,0,3.552713678800501e-15,0.4606741314228016
5.9,1.4,9.5,2.8,4.4,2.7,0,11.700000000000001,1,0.0,0.5042734611732085
8.3,0.7,6.0,0.2,8.8,3.14,2,17.8,0,0.0,0.4662921086352748
5.9,0.4,5.6,2.8,9.3,2.73,2,15.600000000000001,1,0.0,0.37820510396121126
6.0,1.5,7.5,4.1,4.9,2.76,1,12.4,0,0.0,0.4838709287200864
9.4,3.7,5.3,1.6,4.0,3.45,2,17.1,1,0.0,0.5497075701925397
9.0,3.0,5.9,1.3,4.8,3.29,2,16.8,1,0.0,0.5357142538265325
8.1,1.5,7.3,4.5,2.6,2.75,2,12.2,0,0.0,0.6639343718086581
5.2,1.0,8.6,5.4,3.8,3.4,0,10.0,0,0.0,0.5199999480000053
5.5,1.8,7.7,1.5,7.5,3.05,0,14.8,0,0.0,0.3716215965120543
6.3,1.5,5.1,1.9,9.2,2.82,2,17.0,0,0.0,0.3705882134948109
5.6,3.6,8.0,4.1,2.7,2.62,0,11.9,0,0.0,0.4705881957488911
8.9,2.0,5.4,3.2,4.5,3.64,2,15.4,0,0.0,0.5779220403946728
7.2,0.5,6.4,2.2,7.7,3.19,1,15.4,0,0.0,0.4675324371732184
8.2,2.3,6.8,5.9,0.8,2.95,2,11.3,0,0.0,0.7256636525961369
5.5,0.6,6.2,1.0,10.7,2.94,0,16.8,0,3.552713678800501e-15,0.32738093289399206
5.9,1.1,5.9,5.4,5.7,2.89,2,12.700000000000001,0,0.0,0.464566892553788
7.1,3.9,5.6,2.4,5.0,2.9,2,16.0,0,0.0,0.4437499722656267
9.8,3.5,9.1,0.4,1.2,3.57,2,14.5,0,0.0,0.6758620223543433
9.6,2.2,7.9,1.2,3.1,3.24,2,14.899999999999999,0,0.0,0.6442952587721303
8.8,0.7,6.6,2.6,5.3,2.99,2,14.8,0,0.0,0.5945945544192869
5.6,2.4,6.4,3.5,6.1,2.85,0,14.1,0,0.0,0.3971630923997807
5.8,1.9,7.7,0.3,8.3,2.7,0,16.0,0,0.0,0.3624999773437514
5.3,4.0,6.6,4.9,3.2,2.72,0,12.5,0,0.0,0.42399996608000273
6.3,2.7,8.8,3.6,2.6,2.45,1,11.600000000000001,0,0.0,0.5431034014566033
6.7,3.7,9.2,4.2,0.2,2.85,1,10.600000000000001,0,3.552713678800501e-15,0.6320754120683574
5.6,2.9,9.7,1.1,4.7,2.86,0,13.200000000000001,0,0.0,0.42424239210284903
7.9,3.4,5.7,4.8,2.2,3.15,2,13.500000000000002,0,0.0,0.5851851418381376
6.0,0.7,5.8,4.9,6.6,2.96,2,13.299999999999999,0,0.0,0.45112778562948985
6.8,3.5,7.0,4.9,1.8,3.44,1,12.1,0,0.0,0.561983424629469
7.2,1.5,7.3,1.8,6.2,3.08,1,14.9,0,0.0,0.48322144407909773
6.2,3.6,6.9,3.3,4.0,3.27,1,13.799999999999999,1,0.0,0.4492753297626573
9.5,2.5,5.6,5.6,0.8,3.13,2,12.8,0,0.0,0.7421874420166061
5.7,3.2,8.1,3.2,3.8,3.08,0,12.7,0,3.552713678800501e-15,0.44881886229772744
9.5,3.2,5.8,1.7,3.8,3.59,2,16.5,0,0.0,0.5757575408631793
5.2,2.3,8.8,5.3,2.4,2.61,0,9.899999999999999,1,0.0,0.5252524721967201
6.7,3.3,5.6,5.1,3.3,2.95,2,13.3,0,0.0,0.5037593606195969
9.0,0.6,6.1,4.3,4.0,3.15,2,13.6,0,0.0,0.661764657223187
8.6,2.6,8.5,2.3,2.0,3.14,2,13.2,0,0.0,0.6515151021579468
5.9,3.6,7.9,2.4,4.2,2.64,0,13.700000000000001,0,0.0,0.43065690287175895
7.3,3.8,5.8,3.5,3.6,3.58,2,14.7,0,0.0,0.4965986056735643
5.1,3.5,9.7,3.2,2.5,2.79,0,11.1,0,3.552713678800501e-15,0.4594594180667191
8.5,3.7,8.5,0.5,2.8,3.65,2,15.0,0,0.0,0.5666666288888914
7.1,2.9,9.7,4.0,0.3,3.33,1,10.299999999999999,0,0.0,0.6893203214252116
7.3,0.5,9.9,5.0,1.3,3.11,1,9.1,0,0.0,0.8021977140442074
8.0,1.6,5.3,2.0,7.1,3.42,2,16.7,0,0.0,0.4790418874825217
9.0,0.0,6.7,2.4,5.9,3.51,2,14.9,0,0.0,0.6040268050988722
6.7,1.4,8.7,2.7,4.5,3.02,1,12.6,0,3.552713678800501e-15,0.5317459895439691
6.1,1.8,5.7,1.1,9.3,2.38,2,17.2,0,0.0,0.3546511421714452
9.6,1.4,7.9,3.2,1.9,3.43,2,12.9,0,0.0,0.7441859888227915
5.1,2.7,5.9,5.8,4.5,2.71,2,12.3,1,0.0,0.41463411263137295
5.4,4.0,7.5,3.6,3.5,2.59,0,12.9,0,0.0,0.4186046187128203
5.3,3.0,6.0,5.4,4.3,2.68,0,12.6,0,0.0,0.42063488725119946
5.2,1.9,7.8,0.4,8.7,2.67,0,15.799999999999999,0,3.552713678800501e-15,0.3291139032206391
8.9,1.8,7.6,2.5,3.2,3.58,2,13.900000000000002,0,0.0,0.6402877237203076
5.8,0.7,9.3,5.7,2.5,2.46,0,9.0,0,0.0,0.6444443728395142
6.9,1.1,8.2,2.5,5.3,3.22,1,13.299999999999999,0,0.0,0.5187969534739134
5.1,0.9,6.2,4.0,7.8,3.02,0,13.799999999999999,0,0.0,0.3695651906112181
5.1,0.4,9.0,1.1,8.4,2.52,0,13.9,0,0.0,0.3669064484239965
5.5,1.0,8.6,5.1,3.8,2.97,0,10.3,0,0.0,0.5339805306815019
9.2,1.6,8.3,1.0,3.9,3.5,2,14.7,0,0.0,0.6258502975612042
5.1,0.3,6.0,0.2,12.4,2.7,0,17.8,0,0.0,0.28651683783613263
5.9,2.3,7.1,5.4,3.3,2.78,0,11.5,0,0.0,0.5130434336483971
6.3,1.5,8.0,1.6,6.6,3.15,1,14.399999999999999,0,0.0,0.4374999696180577
8.1,1.6,7.8,2.6,3.9,3.26,2,13.6,0,0.0,0.5955881915008683
8.8,0.6,9.3,2.6,2.7,3.3,2,12.1,1,0.0,0.7272726671675483
9.5,3.2,7.1,0.1,4.1,3.49,2,16.8,0,0.0,0.5654761568168953
8.2,1.0,5.7,5.0,4.1,2.89,2,13.299999999999999,0,0.0,0.6165413070269694
9.9,2.1,5.9,1.6,4.5,3.52,2,16.5,0,0.0,0.5999999636363659
6.4,2.2,8.3,5.0,2.1,2.76,1,10.7,0,0.0,0.598130785221422
6.0,0.0,5.7,5.4,6.9,2.95,2,12.9,0,0.0,0.46511624301424476
8.0,2.7,5.9,5.5,1.9,3.4,2,12.600000000000001,0,0.0,0.6349205845301124
7.1,1.5,7.6,0.3,7.5,3.17,1,16.1,1,0.0,0.44099376142895885
5.4,2.4,6.2,2.3,7.7,2.66,0,15.500000000000002,0,0.0,0.3483870742976081
6.4,1.4,8.6,1.8,5.8,2.77,1,13.6,1,0.0,0.47058820069204416
8.3,3.7,8.7,0.7,2.6,3.77,2,14.600000000000001,0,3.552713678800501e-15,0.5684931117470472
5.2,1.0,8.0,0.3,9.5,3.29,0,15.7,0,0.0,0.3312101699866134
6.7,3.1,5.5,0.5,8.2,2.99,2,18.0,0,0.0,0.372222201543211
8.6,2.0,8.4,2.2,2.8,3.43,2,13.399999999999999,0,3.552713678800501e-15,0.641790996881269
9.0,2.8,6.4,3.4,2.4,3.24,2,14.2,0,0.0,0.6338027722674104
6.8,0.4,9.6,0.8,6.4,3.01,1,13.6,1,0.0,0.49999996323529683
5.9,2.2,9.4,4.4,2.1,3.01,0,10.2,0,0.0,0.5784313158400672
9.0,2.6,8.5,3.3,0.6,3.34,2,12.2,0,0.0,0.7377048575651757
6.1,4.0,9.7,0.2,4.0,2.58,1,14.1,0,3.552713678800501e-15,0.43262408279261827
8.5,3.7,5.9,3.4,2.5,3.06,2,14.7,0,0.0,0.5782312531815474
9.6,3.9,9.7,0.4,0.4,3.65,2,13.9,0,0.0,0.6906474323275229
9.3,3.4,6.6,3.9,0.8,3.41,2,13.500000000000002,0,0.0,0.688888837860086
6.2,0.5,5.4,4.2,7.7,2.84,2,14.4,0,0.0,0.4305555256558663
6.7,2.9,5.3,1.9,7.2,3.29,2,16.8,0,0.0,0.3988095000708631
6.6,2.5,9.4,3.4,2.1,3.03,1,11.2,0,0.0,0.5892856616709231
6.2,0.1,9.4,0.1,8.2,2.95,1,14.499999999999998,0,0.0,0.42758617740784993
9.7,3.2,10.0,0.4,0.7,3.67,2,13.599999999999998,0,3.552713678800501e-15,0.7132352416738794
8.8,1.6,7.4,3.8,2.4,3.23,2,12.8,1,0.0,0.6874999462890667
7.1,3.0,6.2,0.7,7.0,3.36,1,17.1,0,0.0,0.4152046540815991
6.8,1.1,6.5,1.4,8.2,3.01,1,16.1,0,0.0,0.4223602222136507
6.9,2.7,6.1,5.7,2.6,3.08,1,12.2,0,0.0,0.5655737241333014
8.9,0.4,7.1,5.3,2.3,3.33,2,11.6,1,0.0,0.7672413131688525
8.1,0.7,10.0,1.2,4.0,3.35,2,12.799999999999999,0,3.552713678800501e-15,0.6328124505615274
9.7,2.6,8.0,1.9,1.8,3.33,2,14.1,0,0.0,0.6879432136210487
6.1,0.7,8.9,2.1,6.2,2.81,1,13.0,0,0.0,0.4692307331360975
5.3,3.9,9.4,5.0,0.4,3.08,0,9.6,0,0.0,0.5520832758246588
8.5,0.6,9.1,1.3,4.5,3.16,2,13.6,0,0.0,0.6249999540441211
6.1,2.1,8.0,3.5,4.3,2.79,1,12.499999999999998,0,0.0,0.4879999609600032
9.4,3.8,9.3,1.2,0.3,3.33,2,13.5,0,0.0,0.6962962447187967
8.3,2.2,5.4,2.5,5.6,2.97,2,16.1,0,0.0,0.5155279182901914
8.6,2.0,5.4,1.3,6.7,3.14,2,17.3,1,0.0,0.49710979785492493
8.4,0.3,9.3,3.0,3.0,3.77,2,11.700000000000001,0,0.0,0.7179486565855849
9.1,1.4,8.4,2.9,2.2,3.26,2,12.700000000000001,0,0.0,0.7165353766507577
6.3,3.5,9.0,3.4,1.8,3.11,1,11.6,0,0.0,0.5431034014566034
8.5,2.7,8.1,3.5,1.2,3.38,2,12.399999999999999,0,0.0,0.6854838156867892
5.8,3.5,9.4,0.2,5.1,2.84,0,14.399999999999999,0,0.0,0.40277774980710074
6.7,3.0,5.8,4.9,3.6,3.03,2,13.3,0,0.0,0.5037593606195969
9.2,2.0,5.0,1.7,6.1,3.42,2,17.299999999999997,0,3.552713678800501e-15,0.531791876775036
8.2,1.0,8.2,3.2,3.4,3.24,2,12.6,0,3.552713678800501e-15,0.6507935991433651
8.9,0.4,8.8,3.2,2.7,3.32,2,12.000000000000002,0,0.0,0.7416666048611162
8.2,3.7,5.5,5.6,1.0,3.29,2,12.899999999999999,0,0.0,0.6356588654528011
8.4,0.3,6.5,4.2,4.6,3.29,2,13.3,0,0.0,0.6315788998812858
6.7,2.5,5.2,5.2,4.4,2.86,2,13.600000000000001,0,0.0,0.4926470225994836
9.9,3.9,8.7,0.2,1.3,3.8,2,15.100000000000001,0,0.0,0.6556290956537023
8.4,1.8,6.4,6.0,1.4,3.25,2,11.600000000000001,0,0.0,0.7241378686088045
7.1,1.8,5.8,4.8,4.5,2.86,2,13.4,0,0.0,0.5298507067275592
5.4,2.7,8.3,1.6,6.0,2.95,0,14.100000000000001,1,0.0,0.3829786962426457
9.8,0.6,7.2,5.7,0.7,3.84,2,11.1,0,0.0,0.8828828033438918
7.0,1.1,9.9,2.5,3.5,2.84,1,11.6,0,0.0,0.6034482238406704
9.5,0.9,6.1,0.2,7.3,3.17,2,17.7,0,3.552713678800501e-15,0.536723133518467
9.3,1.9,9.8,0.6,2.4,3.68,2,13.600000000000001,1,0.0,0.6838234791306266
9.3,3.1,8.9,2.3,0.4,3.52,2,12.8,1,0.0,0.7265624432373092
5.7,0.1,9.6,3.7,4.9,3.12,0,10.700000000000001,0,3.552713678800501e-15,0.532710230587829
9.0,1.9,5.6,0.8,6.7,3.21,2,17.599999999999998,1,0.0,0.511363607308886
6.0,2.0,5.3,3.5,7.2,3.26,2,15.2,0,0.0,0.3947368161357358
6.3,3.2,6.6,2.7,5.2,2.85,1,14.7,0,3.552713678800501e-15,0.42857139941691164
8.0,1.2,8.5,5.2,1.1,2.72,1,10.299999999999999,0,3.552713678800501e-15,0.7766989537185484
8.9,0.2,7.4,0.6,6.9,3.33,2,16.0,0,0.0,0.5562499652343772
8.1,2.8,7.8,0.1,5.2,2.98,2,16.1,0,0.0,0.5031055588133192
6.6,2.1,5.4,2.1,7.8,2.79,2,16.5,0,0.0,0.3999999757575772
7.8,2.8,9.0,0.9,3.5,3.11,1,14.100000000000001,0,0.0,0.5531914501282659
5.8,0.4,8.2,4.2,5.4,2.88,0,11.6,0,0.0,0.49999995689655546
8.5,3.5,8.6,2.7,0.7,3.15,2,12.7,0,3.552713678800501e-15,0.669291285882576
6.7,3.3,5.4,5.4,3.2,3.27,2,13.2,0,0.0,0.5075757191230517
7.3,2.6,7.6,4.4,2.1,3.13,1,12.0,0,0.0,0.6083332826388932
5.4,0.2,6.2,1.0,11.2,2.75,0,16.8,0,0.0,0.3214285522959195
9.9,1.3,5.9,4.7,2.2,3.57,2,13.400000000000002,1,0.0,0.7388059150144839
8.3,2.0,7.8,4.2,1.7,3.25,2,12.0,0,0.0,0.6916666090277827
6.0,2.7,5.4,0.2,9.7,2.92,2,18.4,0,3.552713678800501e-15,0.3260869387996229
6.3,1.9,9.3,4.4,2.1,2.85,1,10.3,0,0.0,0.6116504260533567
6.7,1.5,9.9,0.2,5.7,3.32,1,13.9,0,3.552713678800501e-15,0.48201435381191704
9.3,2.3,7.2,3.8,1.4,3.61,2,13.0,1,0.0,0.715384560355034
9.5,1.7,6.4,3.6,2.8,3.42,2,14.0,0,0.0,0.6785713801020443
9.6,0.8,8.1,3.5,2.0,3.31,2,12.4,0,0.0,0.7741934859521382
8.6,3.6,5.9,1.4,4.5,3.37,2,16.7,0,0.0,0.5149700290437108
9.9,0.7,9.3,2.0,2.1,3.59,2,12.7,0,0.0,0.7795274976750003
7.2,2.1,6.8,3.6,4.3,3.01,1,13.6,1,0.0,0.5294117257785497
5.8,1.6,9.8,1.5,5.3,2.61,0,12.7,0,0.0,0.4566928774257577
8.9,0.5,9.8,2.2,2.6,3.57,2,12.0,0,0.0,0.7416666048611164
6.2,0.3,5.8,3.1,8.6,3.13,2,15.100000000000001,0,0.0,0.41059599929827817
7.2,1.0,8.1,4.2,3.5,2.98,1,11.7,0,3.552713678800501e-15,0.6153845627876443
5.8,0.7,5.2,4.4,7.9,2.81,2,14.399999999999999,0,0.0,0.40277774980710074
9.2,3.2,7.9,3.2,0.5,3.8,2,12.899999999999999,0,3.552713678800501e-15,0.7131782392885087
6.0,0.4,6.3,0.3,11.0,3.05,1,17.4,0,0.0,0.34482756638922035
5.2,0.5,7.3,5.6,5.4,2.79,0,11.100000000000001,0,0.0,0.46846842626410573
6.6,2.0,5.2,0.9,9.3,3.17,2,17.9,0,3.552713678800501e-15,0.3687150632002758
7.3,2.1,7.4,4.0,3.2,3.16,1,12.6,0,0.0,0.5793650333837276
5.7,0.1,6.5,4.2,7.5,2.98,0,13.299999999999999,0,0.0,0.4285713963480154
9.8,0.4,8.4,2.4,3.0,3.26,2,13.200000000000001,0,0.0,0.742424186179986
9.3,0.7,8.5,4.6,0.9,3.43,2,10.9,0,0.0,0.8532109308980799
7.5,2.5,9.3,2.7,2.0,3.2,1,12.0,0,0.0,0.624999947916671
5.2,3.7,8.4,4.1,2.6,2.91,0,11.5,0,0.0,0.452173873724011
7.0,2.6,5.5,3.9,5.0,2.82,2,14.6,0,0.0,0.479452021955341
10.0,0.2,9.9,1.6,2.3,3.56,2,12.5,0,0.0,0.7999999360000052
7.8,3.0,9.4,1.5,2.3,3.25,1,13.1,0,0.0,0.595419801876351
6.6,2.7,9.0,4.3,1.4,2.93,1,10.7,1,0.0,0.6168223722595915
9.1,0.5,7.7,0.0,6.7,3.64,2,16.3,0,0.0,0.5582821743385168
6.6,1.5,7.0,4.2,4.7,2.79,1,12.8,0,0.0,0.5156249597168
6.2,1.5,6.1,0.4,9.8,2.5,1,17.5,0,0.0,0.3542856940408175
8.0,2.7,8.1,2.4,2.8,3.4,1,13.5,0,0.0,0.5925925486968483
7.6,1.9,5.1,2.0,7.4,3.08,2,16.9,0,0.0,0.44970411540212335
6.9,1.6,7.9,3.2,4.4,3.31,1,12.9,0,0.0,0.5348836794663815
9.1,2.9,9.8,0.0,2.2,3.48,2,14.200000000000001,0,0.0,0.6408450252926038
6.0,0.0,8.2,5.4,4.4,2.92,1,10.4,0,0.0,0.5769230214497095
5.3,3.7,6.8,0.6,7.6,2.78,0,16.599999999999998,1,0.0,0.31927708920017533
7.4,1.0,6.4,1.8,7.4,3.15,1,15.8,1,0.0,0.46835440073706325
6.6,2.4,8.6,1.6,4.8,3.27,1,13.799999999999999,0,0.0,0.4782608349086352
7.1,0.5,5.9,4.1,6.4,3.09,2,14.0,0,0.0,0.5071428209183699
8.5,0.4,7.8,1.5,5.8,3.01,2,14.700000000000001,0,0.0,0.5782312531815474
9.8,1.9,9.0,1.8,1.5,3.5,2,13.200000000000001,1,0.0,0.742424186179986
9.8,2.4,9.1,2.4,0.3,3.38,2,12.500000000000002,0,0.0,0.783999937280005
6.1,0.8,8.1,2.5,6.5,2.67,1,13.4,0,0.0,0.4552238466250861
8.9,1.1,9.1,2.1,2.8,3.2,2,12.799999999999999,0,0.0,0.6953124456787153
8.3,0.4,8.1,2.7,4.5,3.01,2,13.200000000000001,0,0.0,0.6287878311524371
8.7,3.5,6.1,0.5,5.2,3.37,2,17.4,0,0.0,0.49999997126436946
5.1,2.6,8.0,3.3,5.0,2.65,0,12.7,0,0.0,0.40157477152954557
8.0,2.0,9.9,0.6,3.5,2.93,1,13.5,0,0.0,0.5925925486968483
8.5,1.6,7.1,4.3,2.5,3.39,2,12.6,0,0.0,0.6746031210632444
6.4,0.3,5.4,5.4,6.5,3.29,2,13.200000000000001,0,0.0,0.4848484481175418
6.0,1.3,6.1,2.1,8.5,2.91,1,15.8,0,0.0,0.37974681140842964
5.3,3.2,6.2,3.2,6.1,2.64,0,14.599999999999998,0,0.0,0.36301367376618676
9.4,2.6,7.7,1.4,2.9,3.66,2,14.9,0,0.0,0.6308724408810443
10.0,2.6,7.8,2.6,1.0,3.26,2,13.6,0,0.0,0.7352940635813189
7.3,0.2,7.8,5.7,3.0,3.2,1,10.5,0,0.0,0.6952380290249497
6.0,2.1,5.5,2.7,7.7,2.72,2,15.799999999999999,0,0.0,0.3797468114084297
8.8,1.4,8.3,4.4,1.1,3.1,2,11.3,0,0.0,0.7787609930300007
10.0,3.7,7.7,2.2,0.4,3.44,2,14.100000000000001,0,0.0,0.7092198078567512
7.6,2.5,5.4,4.5,4.0,3.17,2,14.1,0,0.0,0.5390070539711309
8.9,2.8,5.2,1.8,5.3,3.3,2,17.0,0,0.0,0.5235293809688599
6.3,1.4,5.4,5.6,5.3,2.58,2,13.0,0,0.0,0.484615347337281
7.0,1.8,8.0,3.1,4.1,3.15,1,12.9,0,0.0,0.5426356168499522
9.6,2.0,10.0,2.0,0.4,3.46,2,12.0,0,0.0,0.799999933333339
6.9,3.5,9.3,3.5,0.8,3.02,1,11.2,0,0.0,0.616071373565056
9.0,1.2,5.4,2.4,6.0,3.46,2,16.2,0,0.0,0.5555555212620048
6.7,3.9,8.2,4.3,0.9,2.83,1,11.5,0,0.0,0.5826086449905526
5.7,3.4,9.6,2.6,2.7,3.13,0,11.8,0,0.0,0.4830508065211181
5.9,2.0,7.0,0.9,8.2,3.0,0,16.1,0,0.0,0.3664596045677264
6.8,0.3,5.1,0.8,11.0,3.03,2,18.1,1,0.0,0.37569058697842056
9.8,1.7,6.6,3.0,2.9,3.58,2,14.4,0,0.0,0.6805555082947564
7.2,0.4,8.2,1.3,6.9,3.39,1,14.500000000000002,0,0.0,0.49655168989298687
5.8,0.2,8.9,2.8,6.3,3.11,0,12.299999999999999,1,0.0,0.4715446771101889
5.3,4.0,5.3,4.2,5.2,2.67,2,14.5,0,0.0,0.36551721617122646
8.5,0.2,7.5,6.0,1.8,3.21,2,10.5,0,0.0,0.8095237324263113
9.1,2.5,6.5,3.7,2.2,2.85,2,13.8,0,0.0,0.6594202420709969
5.7,3.5,7.2,1.2,6.4,3.04,0,15.600000000000001,0,0.0,0.36538459196252615
6.8,1.7,9.1,4.4,2.0,2.9,1,10.5,0,0.0,0.6476189859410489
5.1,1.0,8.8,0.8,8.3,2.25,0,14.4,1,0.0,0.35416664207176096
7.7,0.9,5.1,1.4,8.9,3.15,2,17.5,0,0.0,0.43999997485714426
5.5,2.2,7.3,5.1,3.9,2.94,0,11.600000000000001,0,0.0,0.4741378901605267
5.5,2.0,5.8,1.9,8.8,2.79,2,16.3,0,0.0,0.33742329218262007
6.9,1.6,7.3,4.7,3.5,3.38,1,12.0,0,0.0,0.5749999520833374
9.5,3.8,8.9,0.6,1.2,3.3,2,14.5,0,0.0,0.6551723686088022
6.3,3.4,5.2,5.4,3.7,3.31,2,13.4,0,0.0,0.4701492186455807
7.3,2.5,8.3,5.3,0.6,3.36,1,10.399999999999999,1,0.0,0.70192300943048
5.3,2.1,5.8,4.4,6.4,3.11,2,13.799999999999999,0,0.0,0.38405794318420705
7.6,2.7,5.2,0.5,8.0,3.07,2,18.3,0,0.0,0.4153005237540697
5.4,0.0,9.8,4.4,4.4,2.85,0,9.8,0,0.0,0.5510203519366988
6.8,1.2,6.7,4.6,4.7,2.81,1,12.7,0,0.0,0.5354330287060608
5.9,0.4,8.3,4.6,4.8,2.99,0,11.1,0,0.0,0.5315314836458124
6.3,0.1,5.4,5.8,6.4,3.14,2,12.799999999999999,1,0.0,0.49218746154785464
8.1,1.5,6.0,0.7,7.7,3.06,2,17.3,0,0.0,0.46820806542149906
8.1,3.1,8.2,2.4,2.2,3.09,2,13.4,0,3.552713678800501e-15,0.6044775668300323
9.9,2.4,7.9,2.8,1.0,3.67,2,13.3,1,0.0,0.7443608462886582
9.1,2.6,5.6,2.0,4.7,3.16,2,16.400000000000002,0,0.0,0.5548780149464624
7.2,2.5,9.7,1.1,3.5,2.69,1,13.2,0,0.0,0.5454545041322346
5.6,0.8,9.4,3.9,4.3,3.01,0,10.7,0,0.0,0.5233644370687442
9.3,3.4,9.6,0.4,1.3,3.28,2,14.000000000000002,0,0.0,0.6642856668367381
8.8,1.8,9.2,3.1,1.1,3.45,2,11.700000000000001,0,0.0,0.7521366878515652
5.9,2.2,9.9,5.6,0.4,3.12,0,8.5,0,0.0,0.6941175653979336
5.2,0.7,5.7,4.4,8.0,2.67,2,13.899999999999999,0,0.0,0.37410069251074163
7.5,3.4,8.7,2.4,2.0,3.24,1,12.9,0,0.0,0.5813953037678059
8.0,2.0,6.5,3.4,4.1,3.35,1,14.1,0,0.0,0.567375846285401
8.2,3.0,5.8,2.8,4.2,3.31,2,15.399999999999999,0,0.0,0.532467497891721
5.0,1.0,8.6,6.0,3.4,2.71,0,9.4,0,0.0,0.5319148370303365
9.0,0.8,7.8,4.4,2.0,3.18,2,11.8,0,0.0,0.7627117997701864
8.1,0.8,6.8,4.7,3.6,3.19,2,12.5,0,0.0,0.6479999481600042
8.8,0.1,8.7,1.2,5.2,3.32,2,14.1,0,0.0,0.6241134309139411
9.8,1.5,6.6,0.9,5.2,3.61,2,16.5,0,0.0,0.5939393579430692
10.0,1.5,7.2,3.8,1.5,3.43,2,13.0,0,0.0,0.7692307100591762
9.4,2.4,7.0,2.1,3.1,3.1,2,14.9,0,0.0,0.6308724408810443
9.0,0.4,7.9,2.9,3.8,3.6,2,13.200000000000001,0,0.0,0.6818181301652931
8.2,0.3,7.9,3.4,4.2,3.64,2,12.7,0,0.0,0.6456692404984851
8.4,3.2,6.3,5.0,1.1,3.5,2,12.7,0,0.0,0.6614172707545457
7.5,0.3,5.3,2.0,8.9,3.26,2,16.7,0,0.0,0.4491017695148641
8.9,2.1,7.2,0.9,4.9,3.53,2,15.9,0,0.0,0.5597483924686546
6.6,1.7,5.4,1.3,9.0,3.29,2,17.3,0,3.552713678800501e-15,0.3815028681212214
10.0,3.7,8.2,0.9,1.2,3.63,2,14.899999999999999,0,3.552713678800501e-15,0.6711408945543025
8.2,3.1,5.6,2.5,4.6,3.16,2,15.899999999999999,0,0.0,0.5157232380048278
7.9,2.4,5.9,2.2,5.6,3.4,2,15.9,0,0.0,0.4968553146631878
6.7,0.1,5.1,5.0,7.1,3.03,2,13.9,0,0.0,0.48201435381191704
6.5,3.8,6.3,2.6,4.8,2.62,1,15.100000000000001,1,0.0,0.43046354765142064
9.4,3.4,5.9,4.3,1.0,3.18,2,13.8,1,0.0,0.6811593709304804
5.7,0.3,8.6,3.0,6.4,2.28,0,12.400000000000002,0,0.0,0.45967738228408206
7.2,2.9,8.8,0.8,4.3,2.88,1,14.4,0,0.0,0.49999996527778023
8.8,2.6,9.8,0.2,2.6,3.38,2,14.0,0,0.0,0.6285713836734727
5.3,1.1,6.3,1.5,9.8,2.75,0,16.200000000000003,1,0.0,0.32716047363206946
6.4,3.0,7.2,4.7,2.7,3.03,1,12.100000000000001,0,0.0,0.5289255761218532
5.3,2.0,5.2,0.4,11.1,2.31,2,18.4,0,3.552713678800501e-15,0.28804346260633357
6.7,3.6,5.1,4.0,4.6,3.18,2,14.9,0,0.0,0.44966439935138264
9.8,2.2,9.7,0.1,2.2,3.16,2,14.2,0,0.0,0.6901407964689581
8.7,3.9,6.3,3.3,1.8,3.2,2,14.4,0,0.0,0.6041666247106511
6.0,2.3,7.3,5.8,2.6,2.58,1,10.899999999999999,0,0.0,0.5504586650955354
5.6,0.6,6.1,1.5,10.2,3.07,0,16.4,0,0.0,0.34146339381320767
9.3,2.2,7.6,0.6,4.3,3.48,2,15.8,0,0.0,0.588607557683066
5.3,2.8,7.7,0.5,7.7,2.93,0,15.8,0,0.0,0.33544301674411287
7.3,1.9,5.8,5.7,3.3,3.18,2,12.5,0,0.0,0.5839999532800038
7.3,1.6,8.3,3.3,3.5,3.28,1,12.4,1,0.0,0.5887096299427718
5.3,2.1,9.0,2.8,4.8,2.67,0,12.2,0,0.0,0.43442619389949233
5.8,1.3,8.8,3.1,5.0,2.71,0,12.100000000000001,0,0.0,0.47933880336042944
6.0,3.5,9.4,4.4,0.7,2.84,1,10.2,0,0.0,0.588235236447526
9.9,3.1,5.1,0.4,5.5,3.17,2,18.5,0,0.0,0.5351351062089131
7.3,3.6,7.7,2.7,2.7,3.15,1,13.6,0,0.0,0.5367646664143628
9.1,1.5,8.9,4.3,0.2,3.21,2,10.799999999999999,0,0.0,0.8425925145747672
6.0,2.1,6.4,4.8,4.7,3.27,1,12.799999999999999,1,0.0,0.4687499633789092
9.0,1.6,9.6,2.0,1.8,3.57,2,12.4,0,0.0,0.7258063930801296
5.8,2.8,9.0,1.9,4.5,2.8,0,13.100000000000001,0,0.0,0.44274805780549176
5.9,3.6,8.3,0.9,5.3,2.8,0,14.799999999999999,0,0.0,0.39864862171293103
7.2,2.5,5.4,5.3,3.6,3.08,2,13.3,0,0.0,0.5413533427553878
9.8,1.7,9.9,1.7,0.9,3.75,2,12.4,0,0.0,0.7903225169094745
8.2,0.7,9.4,2.4,3.3,3.47,2,12.2,0,0.0,0.6721310924482712
8.6,3.6,5.4,4.4,2.0,3.81,2,14.2,0,0.0,0.6056337601666366
5.9,3.4,9.1,3.0,2.6,2.68,0,11.9,0,0.0,0.4957982776640103
7.4,3.3,7.3,2.1,3.9,3.34,1,14.600000000000001,0,0.0,0.506849280352789
7.5,3.3,6.7,1.0,5.5,3.29,1,16.3,0,0.0,0.4601226711581183
5.5,1.0,5.7,2.1,9.7,2.93,2,16.2,0,0.0,0.3395061518823363
7.3,3.0,8.3,3.4,2.0,3.29,1,12.3,0,0.0,0.5934958867076515
7.4,3.9,8.2,0.6,3.9,3.02,1,15.200000000000001,0,0.0,0.48684207323407414
8.4,1.3,8.4,0.4,5.5,3.32,2,15.200000000000001,0,0.0,0.5526315425900301
6.1,3.3,6.4,3.9,4.3,2.86,1,13.7,0,0.0,0.44525544195215755
8.5,2.1,6.5,1.3,5.6,3.38,2,16.2,0,0.0,0.5246913256363379
9.4,3.1,8.9,1.7,0.9,3.45,2,13.4,0,0.0,0.7014924849632475
6.3,3.6,8.4,3.2,2.5,2.92,1,12.4,0,0.0,0.5080644751560908
7.3,3.5,7.7,2.1,3.4,2.9,1,14.2,1,0.0,0.5140844708391218
9.9,0.4,7.1,0.3,6.3,3.55,2,16.599999999999998,1,0.0,0.5963855062418371
6.4,3.4,6.5,5.5,2.2,3.0,1,12.000000000000002,0,0.0,0.5333332888888925
8.8,3.2,5.1,5.8,1.1,3.13,2,13.100000000000001,0,0.0,0.6717556739117806
9.1,1.1,9.4,0.5,3.9,3.58,2,14.1,0,0.0,0.6453900251496436
8.5,2.2,5.5,1.5,6.3,3.27,2,17.0,0,0.0,0.499999970588237
6.5,2.4,6.5,1.8,6.8,2.91,1,15.700000000000001,0,0.0,0.4140127124832667
8.7,0.2,9.5,4.8,0.8,3.5,2,9.7,0,0.0,0.8969071240301935
9.5,0.7,5.4,1.4,7.0,3.77,2,17.2,0,0.0,0.5523255492833983
9.0,0.1,7.9,6.0,1.0,3.36,2,10.1,0,0.0,0.8910890206842554
5.3,3.3,8.0,0.7,6.7,3.03,0,15.3,0,0.0,0.3464052061173068
5.5,3.6,8.3,5.0,1.6,2.86,0,10.7,0,0.0,0.5140186435496595
7.6,1.7,6.6,2.6,5.5,3.34,1,14.799999999999999,0,0.0,0.5135134788166569
8.9,2.4,9.5,1.4,1.8,3.66,2,13.100000000000001,0,0.0,0.6793892611153236
8.0,2.8,6.2,3.1,3.9,3.46,1,14.7,1,0.0,0.5442176500532211
5.5,1.5,7.4,3.9,5.7,2.85,0,12.7,0,0.0,0.4330708320416668
8.7,2.0,8.2,0.4,4.7,3.42,2,15.399999999999999,0,3.552713678800501e-15,0.5649350282509722
6.3,1.4,7.4,0.3,8.6,2.86,1,16.299999999999997,0,3.552713678800501e-15,0.3865030437728194
9.9,1.3,7.4,1.1,4.3,3.35,2,15.5,0,0.0,0.6387096362122816
8.1,1.1,6.0,3.1,5.7,3.15,2,14.9,0,0.0,0.5436241245889849
9.0,2.3,7.6,1.5,3.6,3.2,2,14.899999999999999,0,0.0,0.6040268050988722
9.7,1.6,5.4,3.7,3.6,3.39,2,14.899999999999999,0,3.552713678800501e-15,0.6510066677176733
7.5,3.5,7.5,3.9,1.6,2.97,1,12.6,0,0.0,0.5952380479969803
10.0,0.5,6.4,2.4,4.7,3.14,2,15.2,0,0.0,0.6578946935595597
9.5,2.9,8.0,1.1,2.5,3.11,2,14.9,0,0.0,0.6375838498265872
9.1,3.8,9.1,0.0,2.0,3.27,2,14.899999999999999,0,0.0,0.6107382140444152
6.3,0.2,8.0,4.1,5.4,2.97,1,11.899999999999999,0,0.0,0.5294117202175026
5.6,1.5,7.3,2.2,7.4,2.8,0,14.5,0,0.0,0.3862068699167676
8.8,0.3,5.4,2.1,7.4,3.12,2,16.500000000000004,0,0.0,0.5333333010101029
9.7,2.7,8.4,1.2,2.0,3.44,2,14.399999999999999,0,3.552713678800501e-15,0.673611064332565
8.2,3.7,8.1,3.5,0.5,3.23,2,12.399999999999999,0,0.0,0.6612902692507848
8.6,0.5,9.5,0.4,5.0,3.06,2,14.1,0,0.0,0.609929034756806
5.1,1.7,6.5,2.9,7.8,2.79,0,14.599999999999998,0,0.0,0.34931504456746276
7.9,0.2,5.6,3.4,6.9,3.44,2,15.0,0,0.0,0.5266666315555579
8.3,3.4,8.5,1.6,2.2,3.07,2,13.9,1,0.0,0.5971222591998375
8.4,1.1,6.5,4.7,3.3,3.54,2,12.799999999999999,0,0.0,0.6562499487304728
9.1,3.4,9.6,0.8,1.1,3.31,2,13.6,0,0.0,0.6691175978590002
6.6,2.3,6.9,3.6,4.6,3.2,1,13.5,0,0.0,0.4888888526748998
6.9,0.7,7.2,0.9,8.3,3.26,1,15.9,0,0.0,0.433962236857721
9.5,1.4,5.8,0.2,7.1,3.69,2,18.0,0,0.0,0.5277777484567917
6.7,0.3,7.0,1.9,8.1,3.28,1,15.100000000000001,0,0.0,0.44370857988684903
8.4,2.4,6.8,1.3,5.1,3.25,2,15.9,0,0.0,0.5283018535659212
8.4,0.6,7.4,0.2,7.4,3.32,2,16.400000000000002,0,3.552713678800501e-15,0.5121950907198115
7.5,3.9,6.9,0.2,5.5,3.11,1,16.9,0,3.552713678800501e-15,0.4437869559889375
5.8,0.1,8.8,2.8,6.5,2.8,0,12.4,0,0.0,0.46774189776275016
6.4,3.6,5.6,5.7,2.7,3.1,2,12.700000000000001,0,3.552713678800501e-15,0.5039369681939395
8.0,3.3,9.9,0.8,2.0,3.13,1,13.3,1,0.0,0.601503714172653
9.8,1.6,6.9,1.9,3.8,3.23,2,15.200000000000001,0,0.0,0.6447367996883685
7.8,2.2,8.8,4.3,0.9,3.2,1,10.899999999999999,1,0.0,0.715596264624196
7.2,1.2,6.3,1.2,8.1,3.05,1,16.5,0,0.0,0.43636360991735695
6.4,3.9,7.8,2.0,3.9,2.87,1,14.200000000000001,0,0.0,0.45070419361238073
7.9,0.6,7.2,3.8,4.5,2.68,1,13.0,0,0.0,0.6076922609467492
10.0,3.5,8.1,1.4,1.0,3.44,2,14.5,0,0.0,0.6896551248513707
8.1,0.8,7.0,0.2,7.9,3.74,2,16.8,0,0.0,0.4821428284438792
6.1,3.9,9.5,3.2,1.3,2.61,1,11.299999999999999,0,0.0,0.5398229610776141
7.7,3.5,5.7,4.7,2.4,3.21,2,13.6,0,0.0,0.5661764289576156
6.4,3.5,9.7,0.7,3.7,2.89,1,13.600000000000001,0,0.0,0.47058820069204405
7.3,3.9,7.4,4.7,0.7,2.74,1,11.9,0,3.552713678800501e-15,0.6134453266012331
6.4,0.8,8.8,2.3,5.7,3.21,1,12.900000000000002,1,0.0,0.4961239925485277
7.6,2.0,7.9,5.2,1.3,3.13,1,10.9,0,0.0,0.6972476424543447
9.1,3.1,7.9,3.7,0.2,3.42,2,12.399999999999999,0,3.552713678800501e-15,0.7338709085587978
6.0,0.4,9.3,2.6,5.7,3.02,1,12.1,1,0.0,0.4958677276142374
8.1,3.7,5.1,2.9,4.2,2.63,2,16.0,0,0.0,0.506249968359377
8.4,2.9,8.5,0.6,3.6,3.07,2,14.9,0,0.0,0.563758351425614
9.0,1.1,6.1,5.7,2.1,3.07,2,12.2,0,3.552713678800501e-15,0.7377048575651757
5.0,4.0,8.4,5.0,1.6,2.9,0,10.6,0,0.0,0.4716980687077294
8.7,0.6,8.8,4.5,1.4,3.41,2,10.7,0,0.0,0.8130840361603705
8.3,3.1,9.2,2.1,1.3,3.24,2,12.700000000000001,0,0.0,0.6535432556265154
5.4,1.6,7.0,0.4,9.6,2.63,0,16.6,0,0.0,0.32530118522282014
6.7,0.4,9.0,5.7,2.2,2.63,1,9.3,0,0.0,0.7204300300612871
5.4,2.0,9.0,4.2,3.4,2.85,0,10.8,0,0.0,0.49999995370370803
5.3,0.3,7.0,1.8,9.6,2.64,0,15.2,0,0.0,0.3486841875865666
9.0,3.7,7.0,3.9,0.4,3.16,2,13.100000000000001,0,0.0,0.6870228483188665
6.6,1.9,6.1,3.8,5.6,3.0,1,14.1,0,0.0,0.46808507318545584
6.8,2.6,5.6,5.3,3.7,3.08,2,13.1,1,0.0,0.5190839298409214
7.5,1.8,7.9,3.7,3.1,3.17,1,12.4,0,0.0,0.604838660900108
6.2,2.9,9.1,4.7,1.1,2.83,1,10.200000000000001,0,3.552713678800501e-15,0.6078430776624434
7.8,2.1,5.7,4.7,3.7,3.16,2,13.6,0,0.0,0.5735293695934287
6.4,0.5,8.1,0.3,8.7,2.61,1,15.6,0,0.0,0.41025638395792413
8.7,1.3,5.0,3.1,5.9,3.24,2,15.9,0,0.0,0.5471697769075612
9.2,0.0,6.2,4.4,4.2,3.41,2,13.399999999999999,0,0.0,0.6865671129427529
6.6,0.4,6.8,1.6,8.6,2.89,1,15.6,0,0.0,0.42307689595660924
8.9,3.6,7.2,3.9,0.4,3.51,2,12.9,0,0.0,0.6899224271377964
6.9,3.9,5.4,4.1,3.7,2.55,2,14.500000000000002,0,0.0,0.47586203614744577
8.2,2.8,5.0,1.0,7.0,3.2,2,18.0,0,0.0,0.4555555302469149
8.6,2.7,9.8,2.2,0.7,3.31,2,12.0,0,0.0,0.7166666069444494
6.5,0.4,8.9,3.9,4.3,3.01,1,11.200000000000001,0,0.0,0.5803570910395455
5.2,1.4,9.8,3.0,4.6,2.49,0,11.200000000000001,0,0.0,0.46428567283163635
6.0,1.5,6.8,0.3,9.4,2.44,1,16.9,0,0.0,0.35502956479115
8.8,1.7,9.1,3.7,0.7,3.44,2,11.2,0,3.552713678800501e-15,0.7857142155612309
7.4,3.5,6.1,4.1,2.9,2.88,1,13.8,0,0.0,0.536231845200591
8.0,1.2,5.7,3.9,5.2,3.03,2,14.399999999999999,0,3.552713678800501e-15,0.5555555169753114
8.2,1.6,8.6,1.1,4.5,3.46,2,14.299999999999999,0,0.0,0.5734265333268159
9.5,1.1,6.8,0.3,6.3,3.43,2,16.900000000000002,0,0.0,0.5621301442526541
6.3,3.3,5.1,2.3,7.0,2.74,2,16.6,1,0.0,0.3795180494266235
6.7,0.1,5.6,2.5,9.1,2.49,2,15.9,0,0.0,0.4213836212966276
7.7,2.4,5.0,2.8,6.1,3.12,2,16.2,0,0.0,0.4753086126352708
9.8,2.1,8.4,1.2,2.5,3.61,2,14.4,0,0.0,0.6805555082947564
7.6,3.9,5.6,0.1,6.8,3.28,2,18.299999999999997,0,0.0,0.4153005237540698
8.9,3.2,5.6,1.6,4.7,3.36,2,16.8,0,0.0,0.5297618732284599
6.7,1.5,5.0,1.8,9.0,3.31,2,17.2,0,0.0,0.3895348610735546
8.2,3.9,9.2,0.1,2.6,3.26,2,14.7,0,0.0,0.5578230913045517
8.9,1.8,7.0,1.8,4.5,3.38,2,15.200000000000001,1,0.0,0.5855262772680081
5.3,0.9,6.2,2.9,8.7,2.76,0,14.9,0,3.552713678800501e-15,0.35570467411378026
5.3,3.8,9.7,4.1,1.1,3.13,0,10.2,0,0.0,0.5196077921953145
10.0,2.2,9.8,0.2,1.8,3.25,2,14.0,0,0.0,0.7142856632653098
6.0,0.6,8.1,4.7,4.6,2.78,1,11.2,0,3.552713678800501e-15,0.5357142378826574
7.9,0.6,9.1,3.8,2.6,3.5,1,11.1,0,0.0,0.7117116475935453
6.3,1.4,9.6,1.7,5.0,2.74,1,12.700000000000001,0,3.552713678800501e-15,0.4960629530659092
7.3,3.6,8.5,0.3,4.3,2.93,1,15.2,0,0.0,0.48026312629847856
5.7,3.8,7.6,1.5,5.4,3.27,0,14.900000000000002,0,0.0,0.38255030989595235
7.5,2.7,5.4,1.6,6.8,3.09,2,17.0,0,0.0,0.4411764446366797
7.7,1.7,5.2,1.0,8.4,3.43,2,17.8,0,0.0,0.4325842453604356
7.2,0.8,5.2,5.1,5.7,2.99,2,13.700000000000001,0,0.0,0.5255474068943499
9.8,0.8,9.8,3.6,0.0,3.59,2,10.600000000000001,1,0.0,0.9245282146671495
8.6,3.9,7.8,1.0,2.7,3.69,2,15.200000000000001,0,0.0,0.5657894364612213
5.4,2.5,9.9,1.1,5.1,2.54,0,13.0,0,0.0,0.41538458343195517
9.0,3.6,9.7,1.6,0.1,3.44,2,12.7,0,0.0,0.7086613615227275
8.8,0.6,7.4,4.3,2.9,3.32,2,12.3,1,0.0,0.7154470963051142
6.2,2.6,8.3,1.0,5.9,3.23,1,14.700000000000001,0,0.0,0.42176867879124635
7.5,0.0,5.0,2.1,9.4,3.2,2,16.9,0,0.0,0.4437869559889375
9.6,0.9,8.2,1.2,4.1,3.62,2,14.6,0,3.552713678800501e-15,0.6575342015387533
8.6,0.4,7.1,0.2,7.7,3.2,2,16.7,0,3.552713678800501e-15,0.5149700290437108
7.4,2.6,5.6,1.7,6.7,3.26,2,16.700000000000003,0,3.552713678800501e-15,0.4431137459213325
10.0,0.2,8.8,1.9,3.1,3.46,2,13.299999999999999,0,0.0,0.7518796427158164
7.0,3.0,9.6,4.2,0.2,2.68,1,10.2,0,3.552713678800501e-15,0.6862744425221136
8.9,1.0,7.8,2.2,4.1,3.54,2,14.0,0,0.0,0.6357142403061258
8.3,1.0,6.0,5.5,3.2,3.25,2,12.5,0,0.0,0.6639999468800043
6.1,0.2,5.2,1.1,11.4,2.72,2,17.7,0,0.0,0.34463274889080514
9.3,1.1,9.8,2.2,1.6,3.79,2,12.0,0,0.0,0.7749999354166721
7.6,3.0,6.4,2.1,4.9,2.83,1,15.5,0,0.0,0.49032254901144845
9.5,3.8,9.5,0.5,0.7,3.4,2,14.0,0,0.0,0.6785713801020443
7.5,0.8,8.0,1.1,6.6,3.43,1,14.9,0,0.0,0.5033556709157267
6.7,3.4,6.0,0.4,7.5,2.48,1,17.599999999999998,0,0.0,0.38068179655217066
9.1,3.3,6.7,3.4,1.5,3.4,2,13.899999999999999,0,3.552713678800501e-15,0.6546762118937978
8.9,2.6,5.8,5.3,1.4,2.98,2,12.9,0,0.0,0.6899224271377964
7.1,0.2,5.6,4.6,6.5,3.13,2,13.799999999999999,0,0.0,0.5144927163411076
5.0,1.7,7.6,0.3,9.4,2.53,0,16.1,1,0.0,0.310558986921802
6.2,0.0,8.6,5.8,3.4,2.71,1,9.6,0,0.0,0.6458332660590349
6.1,2.7,8.7,5.1,1.4,2.57,1,10.2,0,0.0,0.5980391570549847
6.6,2.9,9.1,1.0,4.4,2.85,1,13.9,0,0.0,0.47482010972517197
6.9,3.6,9.0,4.4,0.1,2.92,1,10.6,0,0.0,0.6509433348166667
8.0,2.6,5.4,3.3,4.7,3.48,2,15.299999999999999,1,0.0,0.5228757828185764
8.5,0.7,8.9,3.4,2.5,3.41,2,11.7,0,0.0,0.72649566440208
6.5,2.9,8.8,0.6,5.2,2.67,1,14.6,1,0.0,0.4452054489585309
7.6,2.0,6.8,5.6,2.0,3.25,1,11.6,0,0.0,0.6551723573127278
8.6,1.8,9.6,2.8,1.2,3.47,2,11.6,0,0.0,0.7413792464328236
8.6,3.4,6.4,4.5,1.1,3.18,2,13.1,0,0.0,0.6564884995046947
6.7,3.9,9.3,2.9,1.2,2.78,1,11.8,0,0.0,0.5677965620511388
8.6,2.2,9.7,1.7,1.8,3.07,2,12.600000000000001,0,0.0,0.6825396283698707
8.9,2.9,6.9,0.1,5.2,3.26,2,17.0,0,0.0,0.5235293809688599
9.2,0.0,8.5,5.8,0.5,3.08,2,9.7,0,0.0,0.9484535104687103
8.5,3.3,7.7,4.4,0.1,3.2,2,11.899999999999999,0,0.0,0.7142856542617099
5.3,2.0,8.6,5.2,2.9,2.89,0,10.2,0,3.552713678800501e-15,0.5196077921953145
7.8,1.6,5.7,5.2,3.7,3.06,2,13.1,0,0.0,0.595419801876351
5.8,1.2,6.5,5.2,5.3,3.08,0,12.299999999999999,0,0.0,0.4715446771101889
6.3,2.5,7.9,5.0,2.3,3.07,1,11.1,0,0.0,0.567567516435359
9.5,0.0,8.4,0.3,5.8,3.07,2,15.3,1,0.0,0.6209149920970594
6.5,1.4,8.1,2.0,6.0,3.06,1,13.9,0,0.0,0.46762586563842695
8.7,1.6,5.3,4.7,3.7,3.2,2,13.999999999999998,0,0.0,0.6214285270408195
8.4,1.3,5.3,2.2,6.8,2.92,2,16.5,0,0.0,0.5090908782369165
9.7,2.6,8.4,2.1,1.2,3.38,2,13.499999999999998,0,0.0,0.7185184652949286
8.8,0.4,6.4,1.7,6.7,3.05,2,15.9,1,0.0,0.5534590846881079
7.2,3.9,5.3,3.1,4.5,3.03,2,15.6,0,0.0,0.46153843195266464
8.7,2.8,7.1,1.9,3.5,3.12,2,15.0,0,0.0,0.5799999613333359
7.0,1.1,6.0,2.9,7.0,2.87,1,15.1,0,0.0,0.46357612823999156
8.3,3.9,8.0,0.3,3.5,3.04,2,15.700000000000001,1,0.0,0.5286623867094021
5.4,3.8,6.5,0.6,7.7,3.14,0,16.900000000000002,0,0.0,0.319526608312035
8.2,1.1,5.1,5.8,3.8,3.5,2,13.1,0,3.552713678800501e-15,0.6259541506905228
6.3,2.7,8.5,3.7,2.8,2.72,1,11.8,0,0.0,0.5338982598391305
8.0,3.5,9.7,0.3,2.5,3.02,1,14.0,0,0.0,0.5714285306122479
5.8,3.8,8.7,5.0,0.7,2.95,0,10.3,0,0.0,0.5631067414459474
8.5,2.7,7.0,0.1,5.7,3.01,2,16.9,0,0.0,0.5029585501207958
7.9,1.0,7.3,5.7,2.1,3.41,1,11.0,0,0.0,0.718181752892568
5.9,2.7,9.9,0.6,4.9,2.82,0,13.5,1,0.0,0.43703700466392564
5.0,1.7,5.5,4.5,7.3,2.72,2,14.0,0,0.0,0.3571428316326549
6.3,1.7,8.6,0.1,7.3,3.11,1,15.299999999999999,0,0.0,0.4117646789696289
7.9,2.5,8.2,1.3,4.1,3.08,1,14.5,0,0.0,0.5448275486325829
6.0,3.5,8.7,0.1,5.7,2.95,1,15.2,0,0.0,0.3947368161357358
6.2,0.9,6.4,1.5,9.0,2.92,1,16.099999999999998,0,0.0,0.3850931437830346
8.7,2.4,8.4,0.4,4.1,3.16,2,15.2,0,0.0,0.5723683833968168
9.8,3.4,9.0,1.5,0.3,3.49,2,13.500000000000002,0,0.0,0.7259258721536391
6.0,2.5,8.7,4.4,2.4,3.05,1,10.9,0,0.0,0.5504586650955353
7.6,0.3,6.9,5.5,3.7,3.35,1,11.600000000000001,0,0.0,0.6551723573127277
6.3,1.5,9.5,4.0,2.7,3.42,1,10.5,0,0.0,0.5999999428571483
8.9,1.8,8.2,1.3,3.8,3.21,2,14.5,0,0.0,0.61379306111772
7.2,2.6,9.7,0.3,4.2,3.42,1,14.0,0,0.0,0.5142856775510231
9.1,1.2,7.2,0.1,6.4,3.37,2,16.7,0,0.0,0.5449101470113684
5.3,2.0,9.6,0.6,6.5,2.41,0,13.8,0,0.0,0.384057943184207
8.8,1.6,8.3,1.4,3.9,3.26,2,14.3,0,0.0,0.6153845723507293
5.4,0.7,8.3,5.3,4.3,2.75,0,10.399999999999999,1,0.0,0.5192307193047386
9.1,2.7,5.6,1.7,4.9,3.15,2,16.7,1,0.0,0.5449101470113684
7.6,2.1,6.8,2.1,5.4,2.97,1,15.1,0,0.0,0.5033112249462766
9.1,3.2,6.5,4.8,0.4,3.34,2,12.7,1,0.0,0.7165353766507578
6.8,2.0,9.7,4.8,0.7,3.09,1,9.5,0,0.0,0.7157893983379581
5.5,1.6,7.8,3.0,6.1,2.9,0,13.2,0,0.0,0.41666663510101254
8.4,3.4,9.3,2.2,0.7,3.2,2,12.5,0,0.0,0.6719999462400044
7.2,2.4,5.8,4.0,4.6,3.19,2,14.200000000000001,0,0.0,0.5070422178139283
6.1,0.5,5.8,0.0,11.6,2.73,2,18.2,0,0.0,0.33516481674918586
8.6,2.9,7.6,0.8,4.1,3.15,2,15.6,0,0.0,0.5512820159434605
5.5,0.9,7.6,3.6,6.4,2.57,0,12.8,0,0.0,0.4296874664306667
6.2,0.2,7.0,1.4,9.2,3.13,1,15.599999999999998,0,0.0,0.3974358719592391
7.1,1.7,7.7,4.2,3.3,3.48,1,12.099999999999998,0,3.552713678800501e-15,0.586776811010181
8.5,0.7,7.5,2.5,4.8,3.34,2,14.0,0,0.0,0.6071428137755134
7.7,0.5,8.0,0.7,7.1,3.34,1,15.3,0,3.552713678800501e-15,0.5032679409628796
6.7,0.6,8.5,1.2,7.0,3.18,1,14.299999999999999,0,0.0,0.46853143576703254
6.0,2.0,7.1,0.1,8.8,2.85,1,16.8,0,0.0,0.35714283588435497
9.0,0.3,7.4,3.4,3.9,3.64,2,13.200000000000001,0,0.0,0.6818181301652931
6.3,0.0,8.6,3.2,5.9,3.14,1,12.2,0,3.552713678800501e-15,0.516393400295623
9.2,3.3,9.2,1.1,1.2,3.6,2,13.7,0,0.0,0.671532797698336
7.3,0.7,9.3,5.3,1.4,2.97,1,9.399999999999999,1,0.0,0.7765956620642914
7.3,0.3,6.9,4.8,4.7,3.09,1,12.3,1,0.0,0.5934958867076515
5.3,3.5,6.9,3.3,5.0,2.81,0,13.8,1,0.0,0.384057943184207
9.8,0.3,8.2,0.4,5.3,3.71,2,15.400000000000002,0,0.0,0.636363595041325
7.2,4.0,7.8,1.6,3.4,2.98,1,14.6,0,0.0,0.49315065115406503
6.1,1.4,6.9,0.4,9.2,2.79,1,16.7,0,0.0,0.36526943920542276
8.6,2.6,8.5,0.0,4.3,2.85,2,15.499999999999998,0,0.0,0.554838673881376
6.1,2.6,7.4,0.0,7.9,3.03,1,16.6,0,0.0,0.3674698573813338
7.7,0.3,8.8,3.5,3.7,3.29,1,11.700000000000001,0,0.0,0.6581196018701195
8.9,3.0,9.0,1.6,1.5,3.42,2,13.4,0,0.0,0.6641790549120109
8.1,3.0,5.8,1.2,5.9,3.04,2,17.0,0,0.0,0.4764705602076141
9.5,3.0,9.5,1.5,0.5,3.76,2,13.0,0,0.0,0.7307691745562174
9.4,2.3,8.2,0.6,3.5,3.62,2,15.2,0,0.0,0.6184210119459861
7.4,2.9,6.4,1.2,6.1,2.89,1,16.4,0,3.552713678800501e-15,0.4512194846817388
6.1,1.7,9.5,3.0,3.7,2.76,1,11.5,0,0.0,0.5304347364839359
5.9,0.3,8.5,2.3,7.0,2.99,0,13.200000000000001,0,0.0,0.4469696631083589
9.0,1.1,8.5,1.4,4.0,3.56,2,14.1,0,0.0,0.6382978270710762
9.7,2.5,6.6,1.4,3.8,3.57,2,16.0,0,0.0,0.6062499621093773
6.1,2.4,6.3,4.0,5.2,2.73,1,13.700000000000001,0,0.0,0.4452554419521575
9.1,3.1,8.8,0.6,2.4,3.42,2,14.6,0,0.0,0.6232876285419433
6.8,1.7,5.2,1.6,8.7,2.91,2,17.2,0,0.0,0.3953488142239061
5.2,3.5,6.2,3.3,5.8,2.8,0,14.5,0,0.0,0.3586206649227128
6.6,3.6,9.4,1.4,3.0,2.94,1,13.2,0,0.0,0.499999962121215
9.5,4.0,9.1,1.2,0.2,3.52,2,13.7,0,3.552713678800501e-15,0.6934306063189339
5.3,0.4,10.0,2.0,6.3,2.49,0,12.0,0,0.0,0.4416666298611142
8.7,3.2,9.3,2.8,0.0,3.1,2,11.899999999999999,0,0.0,0.731092375538456
5.1,1.4,8.9,3.4,5.2,2.72,0,11.700000000000001,0,0.0,0.43589739864124794
6.6,2.6,6.2,0.1,8.5,3.11,1,17.7,0,0.0,0.37288133486546127
8.8,0.2,9.2,3.6,2.2,3.59,2,11.2,0,0.0,0.7857142155612309
7.8,2.5,9.3,2.6,1.8,3.2,1,12.1,1,0.0,0.6446280458985086
8.8,1.8,8.5,1.9,3.0,3.32,2,13.600000000000001,0,0.0,0.6470587759515606
6.1,2.4,9.6,5.5,0.4,2.99,1,8.9,0,0.0,0.6853931814164964
6.1,4.0,9.9,2.6,1.4,2.49,1,11.5,0,0.0,0.5304347364839359
9.0,2.9,8.0,0.2,3.9,3.74,2,15.8,0,0.0,0.5696202171126444
8.4,1.5,9.7,0.7,3.7,3.16,2,13.600000000000001,0,0.0,0.6176470134083079
7.5,2.8,8.5,3.4,1.8,2.98,1,12.100000000000001,0,0.0,0.6198346595177967
8.2,2.4,5.9,4.2,3.3,3.13,2,13.9,0,3.552713678800501e-15,0.5899280151130925
7.3,2.7,9.2,0.8,4.0,3.41,1,14.0,0,0.0,0.5214285341836762
9.2,3.2,9.8,1.0,0.8,3.55,2,13.2,0,0.0,0.6969696441689663
7.4,1.6,5.8,3.4,5.8,3.19,2,14.799999999999999,0,0.0,0.49999996621621856
7.9,2.4,6.8,0.3,6.6,3.14,1,16.9,0,0.0,0.4674555936416809
5.2,1.7,5.4,3.6,8.1,2.55,2,15.0,0,0.0,0.34666664355555715
9.3,3.5,6.0,3.8,1.4,3.52,2,14.200000000000001,1,0.0,0.6549295313429908
6.4,3.2,10.0,0.1,4.3,3.01,1,13.899999999999999,1,0.0,0.460431621551682
9.9,1.9,9.2,0.2,2.8,3.65,2,14.6,0,0.0,0.6780821453368394
6.7,0.3,9.9,4.9,2.2,2.96,1,9.200000000000001,0,0.0,0.7282607904064358
5.4,0.8,6.1,2.8,8.9,2.66,0,15.100000000000001,1,0.0,0.3576158703565649
6.3,0.4,5.8,0.9,10.6,2.93,2,17.299999999999997,0,0.0,0.364161828661166
6.4,3.2,6.6,1.8,6.0,3.06,1,15.600000000000001,1,0.0,0.41025638395792413
6.2,0.5,6.3,2.1,8.9,2.84,1,15.600000000000001,1,0.0,0.39743587195923896
6.1,3.2,5.7,2.1,6.9,2.95,2,16.2,1,0.0,0.3765431866331366
9.3,0.6,5.4,2.9,5.8,3.51,2,15.700000000000001,0,0.0,0.5923566501683662
9.0,0.5,7.9,3.0,3.6,2.99,2,13.1,0,0.0,0.6870228483188666
5.7,2.5,6.4,2.9,6.5,2.84,0,14.7,0,0.0,0.38775507566292006
6.5,3.3,5.3,2.5,6.4,2.81,2,16.2,1,0.0,0.4012345431336702
7.3,2.9,7.9,3.9,2.0,3.19,1,12.200000000000001,0,0.0,0.5983606066917535
6.6,2.2,9.2,5.9,0.1,3.06,1,8.899999999999999,0,0.0,0.7415729503850619
9.4,1.5,6.0,2.9,4.2,3.4,2,15.100000000000001,0,0.0,0.6225165150651315
7.4,3.4,6.8,5.2,1.2,3.45,1,12.0,0,0.0,0.6166666152777821
7.0,1.3,7.3,4.6,3.8,3.0,1,12.100000000000001,0,0.0,0.578512348883277
9.8,0.7,7.8,3.3,2.4,3.41,2,12.9,0,0.0,0.7596898635899332
7.4,2.6,6.1,3.3,4.6,3.41,1,14.6,0,0.0,0.5068492803527891
5.7,2.3,5.9,1.7,8.4,2.62,2,16.400000000000002,0,3.552713678800501e-15,0.3475609544170149
6.1,0.7,9.1,1.7,6.4,2.69,1,13.2,0,3.552713678800501e-15,0.46212117711203204
6.9,3.2,6.8,0.5,6.6,3.08,1,16.7,1,0.0,0.41317362795367496
7.8,3.4,9.0,0.7,3.1,2.95,1,14.3,0,3.552713678800501e-15,0.5454545073108736
6.1,3.5,6.2,1.6,6.6,3.05,1,16.2,0,0.0,0.3765431866331366
5.0,3.5,9.0,3.8,2.7,2.62,0,11.2,0,0.0,0.4464285315688812
7.3,1.4,5.5,2.9,6.9,3.19,2,15.6,0,0.0,0.4679486879520072
9.6,0.2,6.5,1.2,6.5,3.5,2,16.3,0,3.552713678800501e-15,0.5889570190823914
7.3,1.9,8.8,0.9,5.1,3.06,1,14.299999999999999,0,0.0,0.5104894747909459
7.4,1.7,8.0,6.0,0.9,3.0,1,10.0,0,0.0,0.7399999260000075
9.1,0.7,5.2,1.2,7.8,3.64,2,17.599999999999998,0,3.552713678800501e-15,0.5170454251678736
6.7,2.0,8.1,5.5,1.7,3.11,1,10.4,0,0.0,0.6442307072855089
5.3,0.1,7.8,2.6,8.2,3.58,0,13.6,0,0.0,0.389705853698099
9.2,0.6,5.1,2.7,6.4,3.27,2,16.2,0,3.552713678800501e-15,0.5679011995122716
8.0,1.1,5.9,2.3,6.7,3.27,2,15.799999999999999,1,0.0,0.5063290818779063
9.0,1.6,8.8,0.6,4.0,3.2,2,14.6,0,0.0,0.6164383139425813
8.4,2.3,9.6,1.4,2.3,3.41,2,13.0,0,0.0,0.646153796449708
5.3,0.1,9.1,3.1,6.4,2.65,0,11.799999999999999,0,0.0,0.44915250430910986
6.7,0.1,9.8,4.0,3.4,3.15,1,10.2,0,0.0,0.6568626806997373
9.7,1.1,8.1,3.5,1.6,3.63,2,12.399999999999999,0,0.0,0.7822580014308064
9.7,3.5,8.7,0.6,1.5,3.36,2,14.7,0,0.0,0.6598639006895306
6.4,3.9,5.1,4.3,4.3,3.14,2,14.6,1,0.0,0.4383561343591689
10.0,1.2,6.7,0.5,5.6,3.79,2,16.8,0,3.552713678800501e-15,0.5952380598072583
7.2,1.0,6.7,5.0,4.1,3.21,1,12.3,0,0.0,0.5853658060678206
5.3,0.4,5.8,3.6,8.9,2.76,2,14.6,1,0.0,0.36301367376618676
5.8,3.9,7.2,3.0,4.1,2.83,0,13.799999999999999,0,0.0,0.4202898246166794
8.3,3.0,8.8,2.3,1.6,2.92,2,12.9,1,0.0,0.643410802836372
9.5,3.3,8.8,0.1,2.3,3.24,2,15.100000000000001,1,0.0,0.6291390311828456
7.0,3.5,9.5,3.6,0.4,3.4,1,10.9,0,0.0,0.6422017759447912
6.6,2.8,6.4,1.1,7.1,2.88,1,16.5,0,0.0,0.3999999757575772
7.1,3.3,5.6,4.4,3.6,2.85,2,14.0,0,0.0,0.5071428209183699
7.7,1.2,7.5,1.8,5.8,2.88,1,14.7,0,0.0,0.5238094881762254
5.8,0.5,7.7,5.4,4.6,3.27,0,10.899999999999999,0,0.0,0.5321100429256842
6.7,2.9,8.3,5.6,0.5,3.06,1,10.1,0,0.0,0.6633662709538346
8.3,3.6,7.0,1.7,3.4,3.5,2,15.3,0,0.0,0.5424836246742729
5.1,3.3,9.0,0.6,6.0,2.54,0,14.399999999999999,0,0.0,0.354166642071761
5.6,3.9,6.1,0.4,8.0,3.32,0,17.5,0,0.0,0.31999998171428673
8.0,3.0,5.2,4.0,3.8,3.01,2,14.8,0,0.0,0.5405405040175335
5.9,2.3,6.5,5.6,3.7,2.9,0,11.900000000000002,0,0.0,0.49579827766401025
9.1,3.9,6.3,4.6,0.1,2.98,2,13.1,0,0.0,0.6946564355224095
5.3,0.2,8.5,2.7,7.3,2.62,0,12.799999999999999,0,0.0,0.4140624676513698
6.1,2.5,6.3,3.5,5.6,3.13,1,14.2,0,0.0,0.4295774345368004
9.1,1.9,6.8,2.2,4.0,3.27,2,15.0,0,0.0,0.6066666262222249
9.0,1.3,6.0,0.5,7.2,3.05,2,17.5,0,0.0,0.5142856848979608
9.2,0.9,6.9,4.9,2.1,2.81,2,12.2,0,0.0,0.7540982988444017
9.1,1.5,7.3,1.8,4.3,3.4,2,14.899999999999999,0,0.0,0.6107382140444152
7.7,0.1,7.4,2.4,6.4,3.24,1,14.200000000000001,0,0.0,0.5422534829398956
5.8,2.6,9.9,3.2,2.5,2.8,0,10.9,0,0.0,0.5321100429256841
7.1,0.5,8.1,5.6,2.7,3.1,1,10.3,0,0.0,0.6893203214252115
8.3,0.3,6.8,3.3,5.3,3.48,2,13.900000000000002,1,0.0,0.5971222591998374
9.1,2.4,6.9,1.4,4.2,3.3,2,15.700000000000001,0,0.0,0.5796177974765734
5.5,1.4,7.1,4.1,5.9,2.71,0,12.8,0,0.0,0.4296874664306667
7.0,0.7,5.8,5.0,5.5,3.09,2,13.2,0,0.0,0.5303029901285614
5.2,1.7,5.8,5.3,6.0,2.48,2,12.899999999999999,0,0.0,0.40310074394567885
7.5,2.9,9.8,0.8,3.0,3.19,1,13.4,1,0.0,0.5597014507685485
9.4,3.7,9.6,0.8,0.5,3.16,2,13.600000000000001,1,0.0,0.6911764197664397
8.8,2.1,8.4,2.0,2.7,3.66,2,13.6,0,0.0,0.6470587759515607
8.7,3.3,5.7,5.0,1.3,3.55,2,13.3,0,0.0,0.6541352891627602
7.2,1.5,9.6,1.4,4.3,3.11,1,13.0,0,0.0,0.5538461112426069
9.2,1.9,7.6,1.6,3.7,3.02,2,14.799999999999999,0,0.0,0.6216215796201636
5.2,1.1,5.0,5.9,6.8,2.93,2,13.1,0,0.0,0.39694653458423407
9.8,1.6,8.6,1.4,2.6,3.68,2,14.0,0,0.0,0.6999999500000037
9.7,1.6,8.9,1.0,2.8,3.57,2,14.1,0,0.0,0.6879432136210487
10.0,0.1,8.0,3.9,2.0,3.35,2,12.1,0,0.0,0.8264462126903958
9.7,0.7,8.1,1.2,4.3,3.53,2,14.7,0,3.552713678800501e-15,0.6598639006895306
6.5,2.2,7.1,1.0,7.2,2.91,1,15.899999999999999,0,0.0,0.4088050057355343
8.8,3.6,5.4,2.4,3.8,3.08,2,16.200000000000003,0,0.0,0.543209843011738
5.5,0.1,8.3,3.6,6.5,2.73,0,12.1,0,0.0,0.4545454169797176
5.1,3.3,9.9,0.8,4.9,2.64,0,13.3,0,0.0,0.3834586177850663
6.2,3.5,9.6,2.0,2.7,2.55,1,12.4,0,0.0,0.4999999596774226
5.1,2.3,5.1,4.7,6.8,3.03,2,14.2,0,3.552713678800501e-15,0.3591549042848659
6.5,0.2,7.9,2.4,7.0,2.98,1,13.7,0,0.0,0.4744525201129548
6.4,2.8,6.4,5.4,3.0,3.05,1,12.2,0,0.0,0.524590120935236
6.9,2.2,5.3,2.6,7.0,3.12,2,16.1,1,0.0,0.4285714019520868
6.1,0.9,9.1,5.6,2.3,3.01,1,9.299999999999999,0,0.0,0.6559139079662465
5.5,1.8,6.7,5.2,4.8,2.24,0,12.100000000000001,0,0.0,0.45454541697971756
6.7,1.6,7.6,1.0,7.1,2.93,1,15.4,0,0.0,0.4350649068139671
7.9,3.2,8.8,0.6,3.5,3.09,1,14.600000000000001,1,0.0,0.5410958533495991
6.8,1.6,8.4,0.3,6.9,2.88,1,15.299999999999999,1,0.0,0.4444444153957899
5.2,1.6,8.5,1.2,7.5,2.52,0,14.299999999999999,0,0.0,0.3636363382072491
9.4,3.6,6.5,1.0,3.5,3.57,2,16.5,0,0.0,0.5696969351698827
7.1,1.0,8.4,5.0,2.5,3.26,1,10.6,0,0.0,0.6698112575649757
7.0,0.6,8.7,2.2,5.5,3.15,1,13.1,0,3.552713678800501e-15,0.5343511042480074
8.4,1.1,5.4,6.0,3.1,3.44,2,12.6,0,0.0,0.6666666137566181
9.3,1.2,7.3,3.7,2.5,3.76,2,13.0,0,0.0,0.715384560355034
7.1,1.7,6.7,3.4,5.1,2.99,1,13.899999999999999,0,3.552713678800501e-15,0.5107913301588972
9.7,2.8,9.1,1.3,1.1,3.54,2,13.599999999999998,0,0.0,0.7132352416738794
8.9,0.1,9.1,0.2,5.7,3.14,2,14.700000000000001,0,3.552713678800501e-15,0.6054421356842085
8.8,1.0,9.3,0.5,4.4,3.18,2,14.200000000000001,0,0.0,0.6197182662170235
5.6,3.9,8.4,5.1,1.0,3.08,0,10.5,0,0.0,0.5333332825396874
8.0,2.4,8.4,3.0,2.2,2.96,1,12.6,0,0.0,0.6349205845301124
7.1,1.1,8.8,1.4,5.6,2.85,1,13.799999999999999,0,0.0,0.5144927163411076
8.1,3.0,6.1,0.4,6.4,3.37,2,17.5,0,0.0,0.46285711640816474
5.7,2.4,9.2,0.3,6.4,2.69,0,14.500000000000002,0,0.0,0.3931034211652813
7.4,3.7,6.7,2.8,3.4,3.36,1,14.5,1,0.0,0.5103447923900144
5.1,0.3,6.3,0.2,12.1,2.55,0,17.5,0,0.0,0.2914285547755111
7.7,0.7,6.5,4.0,5.1,3.54,1,13.5,0,0.0,0.5703703281207165
9.8,0.2,9.5,2.6,1.9,3.47,2,11.9,0,0.0,0.8235293425605595
5.3,0.4,8.0,2.0,8.3,3.37,0,14.000000000000002,0,0.0,0.37857140153061414
9.6,1.6,5.7,4.3,2.8,3.49,2,13.999999999999998,0,0.0,0.6857142367346974
8.5,3.6,9.0,2.0,0.9,2.9,2,13.0,0,0.0,0.6538461035502998
8.4,3.8,6.5,0.0,5.3,3.08,2,17.5,0,0.0,0.4799999725714301
8.3,2.5,8.0,0.1,5.1,3.1,2,15.9,0,0.0,0.5220125457853745
8.6,1.3,8.3,3.2,2.6,3.11,2,12.5,0,0.0,0.6879999449600044
5.5,3.3,9.6,3.6,2.0,2.75,0,10.8,0,0.0,0.5092592121056285
5.5,1.6,8.6,4.7,3.6,2.64,0,10.7,0,3.552713678800501e-15,0.5140186435496595
6.3,0.1,7.7,5.1,4.8,3.22,1,11.2,0,0.0,0.5624999497767903
9.8,2.3,7.6,0.4,3.9,3.04,2,16.0,0,0.0,0.6124999617187524
8.0,1.6,6.2,0.6,7.6,3.38,1,17.2,0,0.0,0.4651162520281249
6.6,0.4,5.9,5.9,5.2,3.27,2,12.200000000000001,0,0.0,0.5409835622144621
9.4,4.0,7.9,2.2,0.5,2.91,2,13.9,0,0.0,0.6762589441540329
6.6,1.2,7.0,4.0,5.2,2.76,1,13.0,0,0.0,0.5076922686390563
5.7,2.5,5.6,3.5,6.7,3.08,2,14.9,0,0.0,0.3825503098959524
8.5,2.8,8.8,3.4,0.5,3.63,2,11.8,0,0.0,0.7203389220051761
8.1,0.7,5.1,1.7,8.4,3.21,2,17.2,0,3.552713678800501e-15,0.4709302051784764
7.2,2.5,9.2,1.0,4.1,3.07,1,13.8,0,0.0,0.521739092627602
7.9,2.2,5.4,0.3,8.2,2.99,2,18.3,1,0.0,0.43169396548120403
5.5,2.3,7.7,1.4,7.1,3.05,0,14.899999999999999,0,3.552713678800501e-15,0.3691274920048664
5.2,2.0,8.4,1.5,6.9,2.88,0,14.100000000000001,0,0.0,0.3687943000855106
6.5,2.5,9.5,4.5,1.0,3.29,1,10.0,0,0.0,0.6499999350000065
6.8,2.6,7.3,1.1,6.2,3.13,1,15.6,1,0.0,0.43589740795529436
8.5,2.2,6.8,5.5,1.0,3.07,2,11.7,0,0.0,0.72649566440208
8.4,1.6,8.8,2.4,2.8,3.51,2,12.799999999999999,0,0.0,0.6562499487304728
7.1,3.7,6.3,0.7,6.2,3.15,1,17.0,0,0.0,0.41764703425605676
6.9,0.2,6.7,3.0,7.2,3.05,1,14.3,0,0.0,0.48251744877500363
5.8,2.6,10.0,2.5,3.1,2.64,0,11.5,0,0.0,0.5043477822306276
5.6,3.5,7.1,2.3,5.5,2.5,0,14.6,0,0.0,0.38356161756427276
8.3,1.8,8.2,0.4,5.3,3.33,2,15.400000000000002,0,0.0,0.5389610039635712
5.8,1.9,8.0,3.5,4.8,2.9,0,12.5,0,0.0,0.463999962880003
7.0,1.4,5.6,2.4,7.6,3.15,2,16.0,0,0.0,0.4374999726562517
6.0,0.2,7.8,3.6,6.4,2.75,1,12.6,1,0.0,0.4761904383975843
9.4,2.3,6.7,4.5,1.1,3.25,2,12.8,0,0.0,0.7343749426269577
7.8,3.6,7.0,1.7,3.9,3.19,1,15.299999999999999,0,0.0,0.509803888248112
5.7,0.6,7.2,3.6,6.9,2.96,0,13.200000000000001,0,0.0,0.4318181491046857
9.1,0.3,7.4,3.8,3.4,3.66,2,12.8,1,0.0,0.7109374444580121
9.1,3.1,6.4,5.1,0.3,3.45,2,12.5,0,0.0,0.7279999417600047
7.9,3.7,8.4,1.9,2.1,2.68,1,13.7,0,0.0,0.576642293675745
9.0,3.8,5.1,5.9,0.2,3.22,2,13.0,0,0.0,0.6923076390532585
7.2,2.6,6.9,0.3,7.0,3.0,1,16.8,1,0.0,0.428571403061226
8.0,3.6,6.9,1.2,4.3,3.08,1,15.9,0,3.552713678800501e-15,0.5031446224437345
9.1,3.3,7.9,1.3,2.4,3.35,2,14.8,0,0.0,0.6148648233199443
9.0,2.2,9.1,2.3,1.4,3.44,2,12.600000000000001,0,0.0,0.7142856575963763
7.1,3.8,7.7,3.3,2.1,3.33,1,13.0,0,0.0,0.5461538041420151
6.1,2.5,7.9,1.1,6.4,2.94,1,15.0,0,0.0,0.4066666395555574
8.8,2.1,6.1,4.0,3.0,3.2,2,13.9,0,0.0,0.6330934796335627
5.4,1.8,5.8,1.1,9.9,2.71,2,17.1,1,0.0,0.3157894552169909
5.3,1.6,7.6,2.9,6.6,2.54,0,13.499999999999998,0,0.0,0.392592563511662
6.9,3.4,5.7,3.0,5.0,3.37,2,15.3,0,0.0,0.4509803626810221
9.4,2.2,9.8,0.1,2.5,3.79,2,14.100000000000001,1,0.0,0.6666666193853461
5.5,0.2,5.9,3.2,9.2,2.74,2,14.899999999999999,0,3.552713678800501e-15,0.3691274920048664
9.7,3.4,6.5,0.3,4.1,3.48,2,17.2,0,0.0,0.5639534555841014
5.8,0.5,5.6,3.1,9.0,2.73,2,15.3,0,0.0,0.3790849425434678
9.9,2.7,9.7,0.2,1.5,3.23,2,14.100000000000001,0,0.0,0.7021276097781837
6.9,2.2,5.4,0.0,9.5,3.27,2,18.599999999999998,0,0.0,0.3709677219909827
7.1,2.0,7.1,0.1,7.7,3.34,1,16.8,0,0.0,0.42261902246315336
6.7,0.7,5.5,5.7,5.4,3.31,2,12.8,0,0.0,0.5234374591064486
6.6,1.6,6.2,0.6,9.0,3.12,1,17.2,0,0.0,0.383720907923203
5.9,3.2,8.4,3.3,3.2,3.05,0,12.3,1,0.0,0.4796747577500197
5.4,1.1,6.7,4.7,6.1,2.8,0,12.6,0,0.0,0.4285713945578259
10.0,1.0,9.4,3.0,0.6,3.4,2,11.6,0,0.0,0.8620688912009578
7.0,3.9,5.9,4.8,2.4,2.78,2,13.3,1,0.0,0.5263157499010714
6.7,2.9,7.1,3.5,3.8,3.09,1,13.4,0,0.0,0.49999996268657
9.3,0.2,8.5,0.8,5.2,3.49,2,14.7,0,0.0,0.6326530181868696
7.1,2.2,7.0,3.1,4.6,2.87,1,13.899999999999999,0,0.0,0.5107913301588972
5.7,0.6,9.7,5.3,2.7,3.18,0,9.0,0,0.0,0.6333332629629709
9.5,4.0,6.0,1.6,2.9,3.39,2,16.4,0,0.0,0.5792682573616916
7.1,1.4,8.0,3.5,4.0,3.48,1,12.5,0,0.0,0.5679999545600036
5.8,1.9,7.8,3.4,5.1,3.01,0,12.799999999999999,0,3.552713678800501e-15,0.4531249645996122
5.1,1.4,8.9,3.4,5.2,2.6,0,11.700000000000001,0,0.0,0.43589739864124794
6.3,2.8,7.8,4.8,2.3,3.08,1,11.399999999999999,0,0.0,0.5526315304709185
7.4,0.5,6.3,2.5,7.3,3.4,1,15.2,0,0.0,0.4868420732340742
8.0,2.1,6.4,0.0,7.5,2.83,1,17.6,0,0.0,0.45454542871900966
8.7,0.1,7.9,5.6,1.7,3.3,2,10.499999999999998,0,0.0,0.8285713496598716
5.9,1.9,5.5,3.8,6.9,2.45,2,14.700000000000001,1,0.0,0.40136051691425056
7.6,3.6,6.0,0.1,6.7,3.38,1,17.900000000000002,0,0.0,0.4245809818669842
9.3,2.3,9.5,1.7,1.2,3.34,2,12.8,0,0.0,0.7265624432373092
8.7,3.7,7.9,0.7,3.0,3.57,2,15.399999999999999,0,3.552713678800501e-15,0.5649350282509722
6.3,0.8,6.2,1.8,8.9,3.37,1,16.0,0,0.0,0.3937499753906265
7.1,2.5,5.4,0.5,8.5,3.33,2,18.1,0,0.0,0.39226517169805675
5.9,2.1,6.1,1.7,8.2,3.13,0,16.2,0,3.552713678800501e-15,0.36419750838286985
5.1,2.6,8.3,4.8,3.2,2.69,0,10.9,0,0.0,0.467889865331205
9.7,0.1,5.8,5.3,3.1,3.92,2,12.899999999999999,0,0.0,0.7519379262063624
8.3,2.7,9.7,3.3,0.0,2.95,2,11.0,0,0.0,0.7545453859504195
8.6,1.1,9.4,0.2,4.7,3.36,2,14.4,0,3.552713678800501e-15,0.5972221807484597
6.3,0.9,5.7,5.2,5.9,2.9,2,13.1,0,0.0,0.4809159938232066
7.5,2.7,6.2,4.5,3.1,2.97,1,13.3,0,0.0,0.5639097320368622
7.1,0.8,9.9,3.9,2.3,3.28,1,10.2,0,0.0,0.6960783631295723
9.7,1.2,8.9,3.2,1.0,3.26,2,11.899999999999999,0,3.552713678800501e-15,0.8151259819221864
8.4,2.9,7.9,1.0,3.8,3.2,2,15.1,0,0.0,0.5562913538879899
7.5,1.2,7.1,3.9,4.3,2.96,1,13.0,0,0.0,0.5769230325443822
7.0,1.1,6.0,4.7,5.2,3.2,1,13.299999999999999,0,0.0,0.5263157499010716
9.5,1.5,8.8,3.8,0.4,3.36,2,11.4,1,0.0,0.8333332602339246
9.8,1.5,6.7,0.4,5.6,3.54,2,16.9,0,3.552713678800501e-15,0.5798816224922118
7.4,0.4,6.2,1.9,8.1,3.16,1,15.9,0,0.0,0.46540877576045436
6.5,3.4,9.3,3.7,1.1,3.02,1,11.0,0,0.0,0.5909090371900876
5.7,2.8,9.7,4.0,1.8,2.86,0,10.3,0,0.0,0.5533980045244656
8.2,2.0,5.6,1.9,6.3,2.81,2,16.5,0,0.0,0.4969696668503231
9.0,3.4,5.7,5.6,0.3,3.59,2,12.700000000000001,0,0.0,0.7086613615227274
8.8,3.2,9.7,0.7,1.6,3.07,2,13.600000000000001,0,3.552713678800501e-15,0.6470587759515606
9.3,0.5,8.5,4.2,1.5,3.17,2,11.3,0,0.0,0.823008776724887
9.4,0.7,5.3,4.3,4.3,3.57,2,14.399999999999999,0,0.0,0.6527777324459909
7.4,3.4,6.9,1.0,5.3,3.15,1,16.099999999999998,0,0.0,0.4596273006442671
5.9,2.9,7.6,3.6,4.0,3.13,0,12.8,0,0.0,0.46093746398926067
7.3,3.3,9.1,3.1,1.2,3.34,1,11.8,0,0.0,0.6186440153691513
6.8,3.5,8.6,0.6,4.5,3.23,1,14.8,0,0.0,0.45945942841490345
7.0,3.5,5.2,5.8,2.5,3.26,2,13.0,0,0.0,0.5384614970414233
6.4,1.0,9.7,1.8,5.1,3.25,1,12.5,0,0.0,0.5119999590400033
8.9,1.6,5.7,0.1,7.7,3.42,2,18.200000000000003,0,0.0,0.48901096214225476
6.8,1.4,6.7,3.1,6.0,3.03,1,14.200000000000001,0,0.0,0.4788732057131545
7.2,3.5,7.5,2.9,2.9,3.04,1,13.6,0,0.0,0.5294117257785497
8.3,2.4,7.1,2.5,3.7,3.22,2,14.4,0,0.0,0.5763888488618856
8.9,0.8,9.1,3.4,1.8,3.1,2,11.500000000000002,0,0.0,0.7739129761814802
6.3,3.0,7.6,1.9,5.2,2.48,1,14.5,0,0.0,0.43448272865636356
8.0,4.0,7.2,4.4,0.4,3.11,1,12.4,0,0.0,0.6451612382934485
6.0,1.7,6.1,0.0,10.2,2.87,1,17.9,0,0.0,0.3351955120002507
9.6,3.4,8.7,0.4,1.9,3.5,2,14.9,0,0.0,0.6442952587721302
7.2,0.5,7.6,2.1,6.6,3.11,1,14.3,0,0.0,0.5034964682869603
6.9,2.5,8.6,0.7,5.3,3.29,1,14.7,0,3.552713678800501e-15,0.46938772317090327
6.7,1.8,8.4,3.1,4.0,2.92,1,12.5,0,0.0,0.5359999571200035
9.3,3.5,5.0,4.7,1.5,3.45,2,14.3,0,0.0,0.6503496048706571
7.4,3.9,8.8,1.0,2.9,3.11,1,14.200000000000001,0,0.0,0.5211267238643152
7.7,4.0,9.3,0.3,2.7,2.96,1,14.4,0,0.0,0.5347221850887371
5.0,1.6,6.2,4.9,6.3,3.01,0,12.9,0,0.0,0.3875968691785373
6.7,3.3,5.0,1.8,7.2,2.85,2,17.2,0,0.0,0.3895348610735546
5.3,0.7,7.8,1.7,8.5,2.64,0,14.5,0,0.0,0.36551721617122646
7.1,1.5,9.4,5.4,0.6,2.65,1,9.2,0,0.0,0.7717390465501037
5.5,3.8,5.3,1.8,7.6,2.81,2,16.9,0,0.0,0.3254437677252209
6.5,1.3,5.8,4.7,5.7,3.04,2,13.5,0,0.0,0.48148144581618924
5.6,0.3,9.5,1.1,7.5,2.66,0,13.4,0,0.0,0.4179104165738495
9.1,2.2,5.4,5.7,1.6,3.48,2,12.899999999999999,0,0.0,0.7054263019049379
5.8,3.4,5.1,3.1,6.6,2.79,2,15.799999999999999,0,0.0,0.367088584361482
8.8,3.7,9.5,1.6,0.4,3.29,2,12.900000000000002,0,0.0,0.6821704897542256
6.4,1.2,6.9,2.4,7.1,3.0,1,14.7,0,0.0,0.4353741200425769
7.7,0.6,8.5,1.0,6.2,3.16,1,14.5,0,0.0,0.5310344461355555
9.0,3.0,8.2,0.6,3.2,2.96,2,15.2,0,0.0,0.5921052242036037
7.7,0.3,6.9,2.5,6.6,3.08,1,14.600000000000001,0,0.0,0.5273972241508751
5.9,1.6,9.7,0.8,6.0,2.86,0,13.5,0,0.0,0.43703700466392564
8.8,0.4,9.9,1.9,3.0,3.19,2,12.200000000000001,0,0.0,0.7213114162859495
8.1,0.8,5.7,5.6,3.8,3.45,2,12.7,0,0.0,0.6377952253704547
9.6,3.5,8.1,2.3,0.5,3.4,2,13.6,0,0.0,0.7058823010380662
6.6,2.5,6.8,0.9,7.2,2.88,1,16.3,0,0.0,0.4049079506191441
8.0,3.3,6.9,0.8,5.0,3.08,1,16.3,1,0.0,0.49079751590199283
6.5,2.6,8.0,4.2,2.7,2.83,1,11.799999999999999,0,0.0,0.5508474109451348
6.8,3.3,6.0,2.8,5.1,2.92,1,15.2,0,0.0,0.44736839162050057
5.5,3.5,6.7,4.1,4.2,2.92,0,13.2,0,0.0,0.41666663510101254
5.1,2.8,6.6,0.3,9.2,2.49,0,17.099999999999998,0,3.552713678800501e-15,0.29824559659382477
6.9,0.3,5.7,1.8,9.3,3.15,2,16.500000000000004,0,0.0,0.418181792837467
5.4,3.6,5.0,2.9,7.1,2.74,2,16.1,0,0.0,0.3354037058755462
9.6,0.6,9.8,0.8,3.2,3.29,2,13.4,0,0.0,0.716417856983742
8.7,2.2,9.4,2.0,1.7,3.03,2,12.599999999999998,0,0.0,0.6904761356764972
5.8,3.7,6.6,2.2,5.7,2.9,0,15.2,0,3.552713678800501e-15,0.3815789222645446
8.8,1.4,9.8,3.0,1.0,3.51,2,11.200000000000001,0,0.0,0.7857142155612308
5.2,1.0,7.3,1.4,9.1,2.83,0,15.3,0,0.0,0.3398692588320746
8.7,3.7,7.1,1.5,3.0,3.29,2,15.399999999999999,0,0.0,0.5649350282509722
7.4,1.4,9.5,3.2,2.5,3.22,1,11.3,0,0.0,0.6548671986843188
8.8,3.2,6.7,2.3,3.0,3.24,2,15.0,0,0.0,0.5866666275555582
9.0,3.8,8.1,2.3,0.8,3.55,2,13.600000000000001,1,0.0,0.6617646572231869
9.0,3.4,7.0,0.2,4.4,3.68,2,16.8,0,0.0,0.5357142538265325
7.3,3.0,6.8,3.8,3.1,2.91,1,13.4,0,0.0,0.5447760787480538
5.9,3.0,7.7,1.2,6.2,3.09,0,15.100000000000001,0,0.0,0.3907284509451357
7.4,0.9,9.8,4.2,1.7,2.94,1,10.0,0,0.0,0.7399999260000075
9.8,1.7,7.4,4.6,0.5,3.84,2,12.0,0,0.0,0.8166665986111169
6.3,1.8,5.6,1.2,9.1,2.99,2,17.2,0,3.552713678800501e-15,0.3662790484721483
5.0,0.2,9.9,1.5,7.4,2.94,0,12.6,0,0.0,0.39682536533132023
7.8,0.6,8.6,3.6,3.4,3.26,1,11.799999999999999,0,0.0,0.6610168931341617
8.7,3.1,9.9,1.3,1.0,3.55,2,12.799999999999999,0,0.0,0.6796874468994183
5.3,3.6,5.6,2.0,7.5,2.53,2,16.400000000000002,0,0.0,0.32317071200178576
9.1,2.4,7.0,2.6,2.9,3.28,2,14.4,0,0.0,0.6319444005594166
9.3,0.4,8.9,4.6,0.8,3.58,2,10.500000000000002,0,0.0,0.8857142013605522
5.9,1.7,5.8,4.2,6.4,3.32,2,14.0,0,0.0,0.4214285413265328
6.0,0.8,5.2,1.9,10.1,3.01,2,16.900000000000002,0,3.552713678800501e-15,0.35502956479114994
7.8,3.4,8.3,2.0,2.5,3.18,1,13.700000000000001,0,0.0,0.5693430241355456
6.3,0.2,8.6,0.7,8.2,3.1,1,14.7,0,3.552713678800501e-15,0.42857139941691164
6.5,2.1,7.8,3.6,4.0,2.9,1,12.6,0,0.0,0.5158729749307163
8.1,3.9,8.6,3.1,0.3,2.99,2,12.3,0,0.0,0.6585365318262982
8.8,2.4,6.0,4.0,2.8,3.59,2,14.000000000000002,0,0.0,0.6285713836734727
7.4,2.1,6.7,3.1,4.7,3.44,1,14.200000000000001,0,0.0,0.5211267238643152
6.0,3.2,5.9,0.5,8.4,3.28,2,17.6,0,0.0,0.34090907153925726
7.2,1.1,7.8,2.1,5.8,2.93,1,14.1,1,0.0,0.5106382616568609
9.7,3.7,7.5,1.0,2.1,3.04,2,15.5,0,0.0,0.6258064112382961
9.6,0.0,7.8,4.4,2.2,3.38,2,11.8,0,0.0,0.8135592530881989
7.4,0.3,9.9,3.1,3.3,2.84,1,11.0,0,0.0,0.6727272115702536
7.4,1.7,5.4,0.6,8.9,3.23,2,18.0,0,0.0,0.4111110882716062
9.2,1.0,6.0,3.0,4.8,3.18,2,15.0,0,0.0,0.6133332924444471
5.2,0.2,9.2,0.7,8.7,2.82,0,14.099999999999998,0,3.552713678800501e-15,0.36879430008551073
5.2,1.8,9.2,1.6,6.2,2.68,0,13.200000000000001,0,0.0,0.39393936409550273
7.2,2.3,7.9,2.0,4.6,3.06,1,14.100000000000001,0,0.0,0.5106382616568609
6.6,0.4,6.8,0.6,9.6,3.31,1,16.599999999999998,1,0.0,0.39759033749455797
6.4,2.5,7.3,2.9,4.9,3.12,1,13.8,0,0.0,0.46376808233564626
8.8,1.1,6.6,5.5,2.0,3.32,2,11.9,0,0.0,0.739495736176829
9.6,2.4,7.7,1.1,3.2,3.3,2,15.200000000000001,0,0.0,0.6315789058171772
6.7,3.4,7.8,3.1,3.0,2.98,1,13.1,0,0.0,0.5114503426373784
8.0,0.3,8.4,5.6,1.7,3.28,1,10.0,0,0.0,0.7999999200000081
7.9,0.5,7.9,4.6,3.1,3.38,1,11.5,0,0.0,0.686956462003786
8.2,3.6,8.1,0.5,3.6,3.18,2,15.399999999999999,0,0.0,0.532467497891721
6.5,0.8,9.5,4.6,2.6,2.74,1,9.9,0,0.0,0.6565655902459
5.9,3.0,7.4,1.4,6.3,3.1,0,15.2,0,0.0,0.3881578692001402
8.1,0.2,6.6,2.8,6.3,3.14,2,14.599999999999998,0,3.552713678800501e-15,0.5547944825483232
6.0,3.1,7.1,3.4,4.4,2.84,1,13.5,0,0.0,0.4444444115226362
5.1,0.1,7.2,4.9,6.7,2.94,0,11.9,0,0.0,0.4285713925570258
6.9,3.3,5.7,5.6,2.5,3.05,2,12.7,0,0.0,0.5433070438340911
8.8,3.8,8.4,1.1,1.9,3.3,2,14.5,1,0.0,0.6068965098692063
6.7,2.8,8.8,5.3,0.4,3.05,1,9.9,1,0.0,0.6767676084073123
6.0,3.2,8.7,0.4,5.7,2.6,1,14.899999999999999,0,3.552713678800501e-15,0.4026845367325815
6.5,3.9,8.2,3.9,1.5,2.82,1,11.9,0,0.0,0.5462184414942486
9.9,1.5,9.0,1.6,2.0,3.44,2,13.4,0,0.0,0.738805915014484
9.7,0.9,6.6,4.5,2.3,3.5,2,12.9,0,0.0,0.7519379262063622
7.0,2.4,7.2,4.5,2.9,3.0,1,12.3,0,0.0,0.569105644788159
5.8,1.4,7.0,0.3,9.5,2.49,0,16.7,0,0.0,0.34730536842482823
7.9,3.5,5.8,3.6,3.2,3.01,2,14.600000000000001,1,0.0,0.5410958533495991
8.5,1.6,7.5,0.0,6.4,3.63,2,16.5,0,0.0,0.515151483930213
8.5,2.6,5.2,2.2,5.5,3.26,2,16.6,0,0.0,0.5120481619248094
7.5,3.6,8.6,2.5,1.8,3.19,1,12.9,0,0.0,0.5813953037678059
9.0,3.5,7.3,2.0,2.2,3.43,2,14.7,0,0.0,0.6122448563098738
8.5,0.3,9.3,2.8,3.1,3.26,2,11.9,1,0.0,0.7142856542617098
5.3,2.2,7.1,5.3,4.1,2.9,0,11.599999999999998,0,0.0,0.45689651233650763
7.8,0.2,9.9,3.1,3.0,3.07,1,11.0,0,0.0,0.7090908446281051
6.5,1.9,9.3,1.8,4.5,2.92,1,12.9,1,0.0,0.5038759299320985
6.5,3.1,7.4,1.4,5.6,2.93,1,15.2,0,0.0,0.4276315508137138
5.8,1.3,9.7,2.1,5.1,2.87,0,12.2,0,0.0,0.47540979709755765
5.9,3.6,7.3,4.3,2.9,2.95,0,12.4,0,0.0,0.4758064132414183
9.9,0.2,5.5,4.3,4.1,3.32,2,14.2,0,0.0,0.6971830494941516
5.2,0.1,8.9,0.8,9.0,2.66,0,14.299999999999999,1,0.0,0.3636363382072491
7.3,2.4,7.1,0.2,7.0,3.17,1,16.7,0,3.552713678800501e-15,0.43712572232780106
7.2,2.1,7.4,2.3,5.0,3.13,1,14.299999999999999,1,0.0,0.5034964682869604
9.4,3.6,6.7,2.6,1.7,2.81,2,14.7,0,0.0,0.6394557388125348
6.4,3.8,5.7,3.5,4.6,3.07,2,14.8,0,0.0,0.4324324032140268
6.4,1.1,7.0,6.0,3.5,2.98,1,11.0,0,0.0,0.5818181289256247
5.4,0.6,7.2,3.1,7.7,2.68,0,13.700000000000001,0,0.0,0.39416055517076243
6.3,1.3,5.4,1.8,9.2,3.1,2,16.8,0,3.552713678800501e-15,0.3749999776785727
9.5,0.0,9.1,5.1,0.3,3.05,2,9.8,0,0.0,0.969387656184933
5.5,0.6,9.8,3.2,4.9,3.2,0,11.0,0,0.0,0.4999999545454587
8.7,4.0,6.4,2.6,2.3,3.21,2,15.0,0,0.0,0.5799999613333359
7.7,1.6,5.8,5.9,3.0,3.15,2,12.299999999999999,0,0.0,0.626016209266975
8.0,0.9,7.7,4.2,3.2,3.44,1,12.1,0,0.0,0.6611569701523166
7.6,4.0,8.1,1.6,2.7,3.02,1,14.3,0,0.0,0.5314684943029024
6.9,1.4,7.2,4.7,3.8,3.14,1,12.1,0,0.0,0.5702478867563731
7.4,3.2,7.9,1.9,3.6,2.99,1,14.2,0,0.0,0.5211267238643152
6.1,2.0,6.3,0.1,9.5,3.05,1,17.6,1,0.0,0.34659088939824484
8.2,2.0,7.2,5.8,0.8,3.45,2,11.0,0,0.0,0.7454544776859565
5.7,2.3,9.3,3.5,3.2,2.9,0,11.2,0,0.0,0.5089285259885246
8.6,1.5,5.5,2.7,5.7,3.49,2,15.8,0,0.0,0.5443037630187492
6.2,3.9,9.8,1.0,3.1,2.87,1,13.200000000000001,0,0.0,0.46969693411386865
6.7,3.6,9.8,1.7,2.2,3.06,1,12.5,0,0.0,0.5359999571200035
8.4,1.1,8.7,0.3,5.5,2.86,2,15.0,0,0.0,0.5599999626666692
5.2,1.5,6.8,1.9,8.6,2.38,0,15.3,0,0.0,0.3398692588320746
6.0,1.2,9.9,2.5,4.4,2.88,1,11.6,0,0.0,0.5172413347205747
7.2,2.3,9.9,1.1,3.5,3.31,1,13.0,0,0.0,0.5538461112426069
8.0,0.4,8.4,0.4,6.8,3.39,1,15.200000000000001,0,0.0,0.5263157548476477
8.0,3.0,6.1,5.0,1.9,2.9,1,12.9,0,0.0,0.6201549906856596
5.7,3.8,5.4,1.2,7.9,2.81,2,17.400000000000002,0,3.552713678800501e-15,0.32758618806975925
6.7,2.5,7.7,0.8,6.3,2.81,1,15.5,0,0.0,0.4322580366285138
6.1,1.6,8.5,1.3,6.5,2.76,1,14.2,0,0.0,0.4295774345368004
6.8,1.6,9.9,5.4,0.3,2.89,1,8.7,0,0.0,0.7816091055621719
5.3,1.3,6.3,3.0,8.1,2.94,0,14.7,0,0.0,0.360544193160259
8.9,3.4,9.2,0.9,1.6,3.11,2,13.9,0,0.0,0.6402877237203077
5.3,2.8,5.0,2.5,8.4,3.02,2,16.5,0,0.0,0.3212121017447211
6.6,2.8,8.8,1.8,4.0,2.87,1,13.399999999999999,0,0.0,0.4925372766763227
7.2,2.9,8.5,5.3,0.1,3.26,1,10.2,0,0.0,0.7058822837370311
6.1,2.6,8.0,5.5,1.8,3.01,1,10.5,0,0.0,0.580952325623588
7.8,1.1,7.4,2.0,5.7,3.04,1,14.6,0,0.0,0.5342465387502371
7.9,3.6,7.8,3.0,1.7,3.05,1,13.2,0,0.0,0.5984848031450908
6.2,2.0,6.6,1.1,8.1,2.94,1,16.3,0,0.0,0.38036807482404444
7.5,1.3,6.3,2.8,6.1,3.21,1,14.9,0,0.0,0.5033556709157267
5.5,3.1,9.0,4.6,1.8,2.97,0,10.4,0,0.0,0.528846102995567
5.6,2.6,9.2,3.5,3.1,2.72,0,11.299999999999999,0,0.0,0.4955751773827277
7.6,0.1,8.2,0.5,7.6,3.56,1,15.299999999999999,0,0.0,0.49673199367764753
7.2,1.2,7.7,0.8,7.1,3.28,1,15.5,0,0.0,0.4645160990634775
5.8,0.4,5.7,5.3,6.8,3.0,2,13.0,0,0.0,0.4461538118343222
7.6,1.9,5.5,3.9,5.1,3.17,2,14.6,0,0.0,0.5205479095515131
8.1,0.3,5.6,0.3,9.7,3.25,2,18.099999999999998,1,0.0,0.4475137874301775
6.3,0.5,6.3,2.3,8.6,2.97,1,15.399999999999999,0,0.0,0.4090908825265661
9.2,2.8,5.6,4.4,2.0,3.5,2,14.0,0,0.0,0.6571428102040849
6.4,2.6,6.7,6.0,2.3,2.78,1,11.299999999999999,0,0.0,0.566371631294546
9.7,0.1,8.5,4.1,1.6,3.26,2,11.399999999999999,0,0.0,0.8508771183441125
9.2,3.9,9.9,0.1,0.9,3.48,2,14.0,0,0.0,0.6571428102040849
8.2,0.5,8.3,5.9,1.1,3.44,2,9.799999999999999,0,0.0,0.8367346084964686
9.6,1.8,5.2,2.2,5.2,3.55,2,16.6,0,0.0,0.5783132181739025
7.3,0.2,7.1,2.8,6.6,3.27,1,14.099999999999998,0,0.0,0.5177304597354285
9.6,2.6,6.6,2.7,2.5,3.37,2,14.7,0,3.552713678800501e-15,0.6530611800638654
6.8,2.7,8.3,4.3,1.9,2.58,1,11.399999999999999,1,0.0,0.5964911757463882
6.3,1.3,5.6,3.9,6.9,2.97,2,14.5,0,0.0,0.43448272865636356
9.3,3.6,7.2,1.8,2.1,3.3,2,15.0,0,0.0,0.6199999586666695
5.4,2.7,9.1,1.5,5.3,3.04,0,13.399999999999999,0,0.0,0.402985044553355
9.4,1.0,7.8,1.1,4.7,3.36,2,15.100000000000001,1,0.0,0.6225165150651315
5.5,3.6,9.1,4.4,1.4,2.44,0,10.5,0,0.0,0.5238094739229073
7.7,0.4,8.8,3.5,3.6,3.0,1,11.700000000000001,0,0.0,0.6581196018701195
5.9,0.8,5.9,0.3,11.1,3.11,2,17.8,1,0.0,0.3314606555359182
5.1,0.2,7.9,4.9,5.9,2.82,0,11.2,0,0.0,0.45535710220025877
6.6,1.4,8.0,1.6,6.4,3.23,1,14.4,0,0.0,0.4583333015046318
8.7,2.7,6.0,2.1,4.5,3.67,2,15.899999999999999,0,0.0,0.5471697769075612
5.6,0.5,8.4,5.2,4.3,2.86,0,10.399999999999999,0,3.552713678800501e-15,0.5384614866863956
5.9,0.4,9.1,3.5,5.1,2.96,0,11.4,0,0.0,0.5175438142505426
8.1,3.1,8.5,3.6,0.7,3.12,2,11.899999999999999,0,0.0,0.6806722117082176
8.2,1.3,9.8,0.2,4.5,3.38,2,14.0,0,0.0,0.585714243877554
7.9,0.7,8.6,1.1,5.7,3.18,1,14.3,0,0.0,0.5524475138148592
9.6,0.8,5.7,4.6,3.3,3.12,2,13.7,0,0.0,0.7007298758591332
7.5,3.6,5.7,3.9,3.3,3.01,2,14.4,0,3.552713678800501e-15,0.5208332971643543
8.4,2.4,8.8,1.4,3.0,3.17,2,13.8,0,0.0,0.6086956080655357
7.2,1.6,9.9,1.5,3.8,2.89,1,12.6,0,0.0,0.5714285260771012
7.8,1.0,9.6,1.5,4.1,2.9,1,12.899999999999999,0,0.0,0.6046511159185183
9.5,0.4,8.3,5.3,0.5,3.56,2,10.4,1,0.0,0.9134614506287067
8.4,1.2,5.9,1.8,6.7,3.25,2,16.3,1,0.0,0.5153373916970925
5.5,0.6,5.5,2.5,9.9,2.74,2,16.0,0,0.0,0.34374997851562633
5.7,2.6,6.0,0.6,9.1,2.92,0,17.400000000000002,0,0.0,0.32758618806975925
5.8,3.7,9.1,1.9,3.5,2.97,0,13.0,0,0.0,0.4461538118343222
8.4,2.7,8.1,1.3,3.5,3.68,2,14.600000000000001,1,0.0,0.5753424263464092
5.2,1.8,9.5,3.4,4.1,2.88,0,11.100000000000001,0,0.0,0.46846842626410573
8.4,3.9,9.9,1.2,0.6,3.08,2,12.9,0,0.0,0.6511627402199427
6.2,3.2,5.5,4.7,4.4,2.89,2,13.8,0,0.0,0.44927532976265727
8.2,1.7,7.2,1.9,5.0,3.38,2,14.899999999999999,0,3.552713678800501e-15,0.550335533534528
8.8,3.7,9.7,0.3,1.5,3.39,2,14.0,0,0.0,0.6285713836734727
6.3,0.3,6.3,5.5,5.6,3.06,1,12.2,0,0.0,0.516393400295623
8.2,2.9,6.3,4.3,2.3,3.21,2,13.4,0,0.0,0.6119402528402796
8.1,0.6,9.1,1.4,4.8,3.15,2,13.499999999999998,0,0.0,0.599999955555559
8.3,1.6,8.0,0.6,5.5,3.4,2,15.4,0,0.0,0.5389610039635713
10.0,0.8,6.3,4.0,2.9,3.39,2,13.700000000000001,0,0.0,0.7299269540199304
9.8,3.7,7.5,2.4,0.6,3.35,2,14.100000000000001,0,0.0,0.6950354116996162
6.4,3.3,6.9,0.5,6.9,2.9,1,16.6,0,0.0,0.3855421454492683
6.7,3.9,8.1,2.2,3.1,2.89,1,13.700000000000001,0,3.552713678800501e-15,0.48905105919335334
5.4,0.2,5.6,3.5,9.3,2.98,2,14.9,0,0.0,0.3624160830593233
9.6,2.0,9.2,1.4,1.8,3.64,2,13.4,0,0.0,0.716417856983742
5.9,1.4,8.2,0.4,8.1,3.07,0,15.4,0,0.0,0.3831168582391651
6.8,2.1,10.0,2.4,2.7,2.96,1,11.6,0,0.0,0.5862068460166513
9.0,2.4,9.4,1.3,1.9,3.61,2,13.3,1,0.0,0.6766916784442347
8.0,2.5,7.1,0.9,5.5,3.13,1,16.0,0,0.0,0.4999999687500019
6.1,2.9,6.6,3.0,5.4,3.01,1,14.4,0,0.0,0.4236110816936749
5.8,3.8,9.3,4.4,0.7,3.16,0,10.3,0,0.0,0.5631067414459474
5.7,0.0,5.1,3.5,9.7,2.75,2,15.399999999999999,0,0.0,0.3701298460954646
7.3,2.1,5.0,2.5,7.1,3.0,2,16.5,0,0.0,0.44242421561065354
8.7,0.9,9.1,3.1,2.2,3.65,2,11.799999999999999,0,0.0,0.7372880731111803
6.1,0.9,8.1,5.0,3.9,2.61,1,10.9,0,0.0,0.5596329761804609
9.3,2.7,7.2,2.3,2.5,3.29,2,14.5,0,0.0,0.6413792661117749
6.0,2.5,6.8,6.0,2.7,2.5,1,11.2,0,0.0,0.5357142378826574
7.8,3.7,9.0,1.6,1.9,2.6,1,13.399999999999999,0,0.0,0.5820895087992904
8.6,2.3,7.5,1.1,4.5,2.97,2,15.399999999999999,0,0.0,0.558441522179122
9.6,1.3,9.8,1.8,1.5,3.39,2,12.4,1,0.0,0.7741934859521382
8.2,2.2,5.6,2.3,5.7,3.28,2,16.099999999999998,0,3.552713678800501e-15,0.5093167385517554
7.2,3.1,6.1,1.0,6.6,2.92,1,16.900000000000002,0,0.0,0.42603547774937994
7.0,3.7,8.6,2.0,2.7,2.88,1,13.399999999999999,0,0.0,0.5223880207173119
9.9,2.7,6.4,2.9,2.1,3.49,2,14.7,0,0.0,0.6734693419408612
5.5,3.9,5.9,3.9,4.8,2.99,2,14.200000000000001,0,0.0,0.3873239163856397
8.9,2.7,8.1,3.8,0.5,3.14,2,12.100000000000001,1,0.0,0.7355371292944521
5.4,1.3,6.2,5.9,5.2,3.1,0,11.900000000000002,0,0.0,0.45378147447214495
8.4,0.8,6.2,1.7,6.9,3.12,2,16.1,0,0.0,0.5217390980286274
7.1,0.9,5.1,5.3,5.6,3.05,2,13.6,0,0.0,0.5220587851427364
6.7,0.0,8.4,5.0,3.9,3.05,1,10.6,0,0.0,0.6320754120683575
5.7,0.6,9.0,3.7,5.0,2.88,0,11.299999999999999,0,0.0,0.5044247341217051
6.5,1.5,8.8,4.9,2.3,2.88,1,10.3,0,0.0,0.6310678998963204
7.0,3.8,7.0,4.6,1.6,3.24,1,12.399999999999999,0,0.0,0.5645160835067675
9.5,0.3,9.7,3.7,0.8,3.42,2,10.600000000000001,0,0.0,0.8962263305446857
9.0,0.8,9.0,4.4,0.8,3.37,2,10.600000000000001,0,0.0,0.8490565236739128
5.2,0.6,7.7,3.5,7.0,2.77,0,12.799999999999999,0,0.0,0.40624996826172133
8.2,0.1,9.8,0.3,5.6,3.37,2,13.899999999999999,0,0.0,0.5899280151130925
8.3,3.3,5.1,3.3,4.0,3.27,2,15.600000000000001,1,0.0,0.5320512479454328
7.3,2.0,5.4,4.1,5.2,3.41,2,14.5,0,0.0,0.5034482411415007
7.4,0.6,8.2,1.0,6.8,3.11,1,14.799999999999999,0,0.0,0.49999996621621856
9.4,2.5,5.8,5.8,0.5,3.25,2,12.4,0,0.0,0.758064454994802
8.1,1.0,9.0,4.8,1.1,3.22,2,10.2,0,0.0,0.79411756920416
9.9,2.0,7.3,3.6,1.2,3.51,2,13.1,0,0.0,0.7557251331507533
7.7,0.4,7.1,5.1,3.7,2.94,1,11.8,0,0.0,0.6525423175811595
9.3,0.4,5.5,1.6,7.2,3.29,2,16.9,1,0.0,0.5502958254262825
8.1,1.4,8.9,1.3,4.3,3.27,2,13.799999999999999,1,0.0,0.5869564792060523
8.2,0.9,8.6,5.2,1.1,3.03,2,10.2,0,3.552713678800501e-15,0.8039214898116187
7.1,0.6,8.5,4.6,3.2,3.11,1,10.9,0,0.0,0.6513760870297168
5.5,2.0,9.1,5.6,1.8,2.95,0,9.3,0,0.0,0.5913977858712058
7.7,1.6,9.2,2.7,2.8,3.16,1,12.1,0,0.0,0.6363635837716047
7.4,2.0,9.2,4.5,0.9,2.77,1,10.3,0,0.0,0.7184465321896571
7.5,2.3,6.2,4.8,3.2,2.93,1,13.0,0,0.0,0.5769230325443822
7.4,1.3,5.5,1.4,8.4,3.09,2,17.1,0,0.0,0.4327485127047653
5.8,1.8,6.5,0.2,9.7,2.92,0,17.3,0,3.552713678800501e-15,0.33526009622774006
6.6,2.2,7.8,2.1,5.3,3.09,1,14.099999999999998,1,0.0,0.4680850731854559
6.9,1.0,6.2,2.7,7.2,3.02,1,15.100000000000001,0,0.0,0.45695361212227736
8.8,0.8,8.5,0.1,5.8,3.61,2,15.400000000000002,1,0.0,0.5714285343228225
6.7,2.3,6.0,4.5,4.5,2.92,1,13.5,0,0.0,0.49629625953361045
5.3,3.4,6.0,5.2,4.1,3.06,0,12.799999999999999,0,3.552713678800501e-15,0.4140624676513698
6.6,3.6,5.6,1.1,7.1,2.82,2,17.3,0,0.0,0.3815028681212214
7.5,0.3,6.0,5.7,4.5,3.11,1,12.3,0,0.0,0.6097560479873132
9.6,2.2,6.3,4.1,1.8,3.49,2,13.600000000000001,0,0.0,0.705882301038066
8.3,4.0,6.3,3.6,1.8,3.36,2,14.100000000000001,1,0.0,0.5886524405211035
7.5,1.2,5.8,1.7,7.8,3.25,2,16.5,0,0.0,0.4545454269972468
6.9,3.0,7.7,0.5,5.9,3.17,1,15.8,0,0.0,0.4367088331196941
8.2,3.2,7.3,1.9,3.4,3.2,2,14.8,0,3.552713678800501e-15,0.5540540166179718
5.5,3.5,8.9,1.0,5.1,2.3,0,14.1,0,0.0,0.3900708943212132
8.1,3.8,7.9,2.3,1.9,3.72,2,13.8,0,0.0,0.5869564792060522
5.3,0.3,5.9,0.2,12.3,2.97,2,17.900000000000002,0,3.552713678800501e-15,0.29608936893355475
5.7,3.3,5.8,1.8,7.4,3.04,2,16.400000000000002,0,0.0,0.3475609544170149
6.2,1.5,6.3,2.9,7.1,2.97,1,14.8,0,0.0,0.4189188906135885
5.3,0.6,5.3,3.8,9.0,2.79,2,14.9,0,0.0,0.35570467411378026
5.3,3.3,7.6,3.2,4.6,2.55,0,13.2,0,3.552713678800501e-15,0.40151512109733933
6.0,1.3,8.0,1.3,7.4,2.95,1,14.700000000000001,0,0.0,0.4081632375399158
5.6,3.9,5.1,4.8,4.6,2.7,2,14.1,0,0.0,0.3971630923997807
5.7,0.6,8.5,3.9,5.3,3.05,0,11.6,0,0.0,0.4913792679845459
8.9,3.7,8.5,0.5,2.4,3.46,2,15.0,0,0.0,0.5933332937777804
6.0,0.3,8.5,2.4,6.8,2.81,1,13.100000000000001,0,0.0,0.45801523221257767
9.6,2.6,5.5,5.7,0.6,3.28,2,12.799999999999999,0,3.552713678800501e-15,0.7499999414062547
7.0,0.2,7.5,0.7,8.6,2.81,1,15.799999999999999,0,0.0,0.443037946643168
7.0,1.4,8.9,4.8,1.9,2.97,1,10.3,1,0.0,0.6796115845037297
6.9,0.6,9.0,4.2,3.3,2.83,1,10.799999999999999,0,0.0,0.6388888297325159
6.0,1.5,5.5,3.8,7.2,2.8,2,14.7,0,0.0,0.40816323753991585
7.9,3.6,7.8,0.8,3.9,3.45,1,15.4,0,0.0,0.5129869796761702
6.9,3.4,8.2,3.6,1.9,3.37,1,12.200000000000001,0,0.0,0.5655737241333013
8.8,2.4,5.8,4.8,2.2,3.38,2,13.4,1,0.0,0.6567163689017635
8.6,0.3,7.3,1.0,6.8,3.51,2,15.7,0,0.0,0.5477706657470914
8.1,2.7,9.2,0.9,3.1,2.78,2,13.899999999999999,0,0.0,0.5827337710263475
5.6,3.4,5.8,5.8,3.4,2.84,2,12.4,0,0.0,0.45161286680541396
9.9,0.4,6.5,3.8,3.4,3.73,2,13.700000000000001,1,0.0,0.722627684479731
6.8,3.7,5.3,3.3,4.9,3.37,2,15.399999999999999,0,0.0,0.4415584128858174
6.3,1.5,9.2,1.2,5.8,3.15,1,13.6,0,3.552713678800501e-15,0.4632352600562309
9.1,2.3,8.8,2.7,1.1,3.43,2,12.5,0,3.552713678800501e-15,0.7279999417600047
9.3,1.7,9.8,1.4,1.8,3.12,2,12.8,0,0.0,0.7265624432373092
5.7,1.6,9.8,1.9,5.0,2.72,0,12.299999999999999,0,0.0,0.4634145964703581
8.6,1.2,8.9,2.3,3.0,3.24,2,12.799999999999999,0,0.0,0.6718749475097698
7.4,3.1,6.9,2.7,3.9,2.82,1,14.4,0,0.0,0.513888853202163
7.6,3.2,6.8,3.1,3.3,2.87,1,14.099999999999998,1,0.0,0.539007053971131
8.4,1.1,6.4,5.6,2.5,3.37,2,12.0,0,0.0,0.6999999416666716
8.2,0.1,8.1,3.1,4.5,3.56,2,12.799999999999999,0,0.0,0.6406249499511758
7.7,1.4,5.4,1.2,8.3,3.13,2,17.4,0,3.552713678800501e-15,0.4425287101994994
7.3,0.2,5.2,4.3,7.0,3.21,2,14.5,0,0.0,0.5034482411415007
7.7,2.0,6.2,4.5,3.6,3.07,1,13.3,0,0.0,0.5789473248911786
7.3,1.1,6.2,3.9,5.5,3.0,1,13.9,0,0.0,0.5251798183323871
8.3,3.3,7.1,0.4,4.9,3.56,2,16.5,0,0.0,0.5030302725436199
5.0,2.1,5.2,3.4,8.3,2.9,2,15.4,0,0.0,0.3246753035925128
9.6,3.9,7.7,1.3,1.5,3.47,2,15.0,0,0.0,0.6399999573333361
5.3,1.9,6.2,2.8,7.8,2.87,0,15.0,0,0.0,0.3533333097777794
7.3,2.3,6.8,1.0,6.6,3.35,1,16.2,0,0.0,0.45061725613473724
8.3,1.4,9.7,4.2,0.4,3.25,2,10.100000000000001,0,0.0,0.8217820968532578
6.0,0.2,8.7,5.0,4.1,3.04,1,10.299999999999999,0,0.0,0.5825242152889112
5.1,1.0,7.3,3.8,6.8,3.24,0,12.899999999999999,0,0.0,0.3953488065621081
7.8,3.0,6.4,3.4,3.4,3.14,1,14.2,0,0.0,0.5492957359650891
8.8,2.8,10.0,0.7,1.7,3.16,2,13.3,0,0.0,0.6616540855899185
7.5,1.3,7.2,5.1,2.9,3.27,1,11.700000000000001,0,0.0,0.6410255862371294
6.0,3.5,5.3,5.3,3.9,2.97,2,13.4,0,0.0,0.4477611606148388
6.6,1.3,7.6,5.6,2.9,2.96,1,10.8,0,0.0,0.6111110545267542
9.3,1.6,6.0,2.5,4.6,3.31,2,15.5,0,0.0,0.5999999612903252
6.9,3.7,8.8,2.3,2.3,3.03,1,12.899999999999999,1,0.0,0.5348836794663816
5.3,1.0,7.2,0.9,9.6,2.85,0,15.899999999999999,0,3.552713678800501e-15,0.3333333123689741
9.7,3.1,6.3,2.9,2.0,3.5,2,14.799999999999999,0,3.552713678800501e-15,0.6554053611212595
9.4,2.1,8.9,2.0,1.6,3.43,2,13.1,0,0.0,0.7175571971330384
7.8,0.5,5.6,3.2,6.9,3.36,2,15.2,0,0.0,0.5131578609764565
9.8,1.9,5.3,3.3,3.7,3.93,2,15.4,1,0.0,0.6363635950413251
9.2,4.0,7.2,1.2,2.4,3.1,2,15.6,0,0.0,0.5897435519395159
5.2,1.4,6.3,4.1,7.0,3.12,0,13.6,0,0.0,0.38235291306228586
9.7,1.1,9.1,0.2,3.9,3.3,2,14.7,0,3.552713678800501e-15,0.6598639006895306
9.7,3.1,8.3,2.4,0.5,3.47,2,13.299999999999999,0,0.0,0.7293232534343419
8.2,3.9,8.6,3.1,0.2,3.02,2,12.299999999999999,0,0.0,0.6666666124661291
7.6,0.5,8.0,2.9,5.0,3.15,1,13.1,0,0.0,0.5801526274692651
8.1,0.0,6.0,2.9,7.0,3.19,2,15.1,0,0.0,0.5364238055348474
7.1,2.9,8.0,1.8,4.2,3.17,1,14.200000000000001,0,0.0,0.4999999647887348
7.1,0.9,9.8,0.8,5.4,3.01,1,13.4,1,0.0,0.5298507067275592
6.1,3.1,6.0,0.5,8.3,2.9,1,17.5,0,0.0,0.3485714086530623
7.4,0.0,5.4,4.8,6.4,3.14,2,13.8,1,0.0,0.536231845200591
9.3,2.7,5.3,4.7,2.0,3.41,2,14.0,0,0.0,0.6642856668367382
9.2,3.2,7.5,1.0,3.1,3.48,2,15.5,0,0.0,0.5935483488033323
9.9,0.6,6.1,1.3,6.1,3.63,2,16.6,1,0.0,0.596385506241837
9.0,0.7,5.3,6.0,3.0,3.56,2,12.7,0,0.0,0.7086613615227275
7.8,3.6,9.6,0.0,3.0,3.09,1,14.4,0,0.0,0.5416666290509285
5.4,1.0,8.3,5.3,4.0,3.27,0,10.4,1,0.0,0.5192307193047386
5.9,3.2,9.8,1.4,3.7,2.71,0,12.8,0,0.0,0.46093746398926067
7.5,0.3,7.8,3.0,5.4,3.09,1,13.200000000000001,0,0.0,0.5681817751377443
6.7,2.1,7.9,0.1,7.2,2.78,1,16.0,0,0.0,0.4187499738281266
8.8,2.9,6.8,0.3,5.2,3.17,2,16.9,1,0.0,0.5207100283603534
5.9,2.3,5.8,2.1,7.9,2.66,2,16.1,1,0.0,0.3664596045677264
8.5,2.2,6.9,2.5,3.9,3.25,2,14.600000000000001,0,0.0,0.5821917409457712
5.4,3.5,5.4,4.2,5.5,2.81,2,14.4,0,0.0,0.3749999739583352
9.6,1.1,6.9,3.4,3.0,3.37,2,13.7,0,0.0,0.7007298758591332
8.3,1.6,7.4,0.3,6.4,3.29,2,16.3,1,0.0,0.5092024227483176
6.0,3.2,7.3,1.8,5.7,3.11,1,14.899999999999999,0,0.0,0.4026845367325815
8.7,1.1,5.6,1.5,7.1,3.24,2,16.9,0,0.0,0.5147928689471675
9.6,2.3,7.7,2.6,1.8,3.67,2,13.7,0,0.0,0.7007298758591332
7.6,0.5,5.6,3.2,7.1,3.04,2,15.2,0,3.552713678800501e-15,0.49999996710526534
9.7,1.2,9.3,2.9,0.9,3.51,2,11.799999999999999,0,0.0,0.822033828641201
6.0,1.5,7.5,4.4,4.6,2.8,1,12.1,0,0.0,0.4958677276142374
5.6,1.6,7.4,3.2,6.2,2.75,0,13.4,0,3.552713678800501e-15,0.4179104165738495
9.0,2.8,7.8,3.1,1.3,3.43,2,13.100000000000001,1,0.0,0.6870228483188665
7.1,0.6,8.3,3.1,4.9,2.79,1,12.6,0,0.0,0.5634920187704747
9.5,2.3,5.4,2.7,4.1,3.67,2,15.899999999999999,0,0.0,0.5974842391519347
8.8,3.2,7.5,4.0,0.5,3.2,2,12.5,0,0.0,0.7039999436800046
9.5,3.6,8.4,2.1,0.4,3.11,2,13.5,0,0.0,0.7037036515775074
5.4,3.5,6.6,1.1,7.4,2.72,0,16.3,0,0.0,0.33128832323384516
6.3,1.3,5.7,1.8,8.9,2.65,2,16.5,0,0.0,0.3818181586776873
7.9,1.8,6.7,4.5,3.1,3.24,1,12.8,0,0.0,0.6171874517822303
6.7,3.0,5.8,0.8,7.7,3.09,2,17.4,0,0.0,0.38505744913462936
6.7,3.2,6.2,0.4,7.5,2.74,1,17.4,0,3.552713678800501e-15,0.38505744913462936
7.8,2.1,8.3,1.4,4.4,3.31,1,14.299999999999999,0,0.0,0.5454545073108736
9.3,1.2,8.5,0.1,4.9,3.1,2,15.4,0,0.0,0.6038960646820738
7.7,0.3,9.0,1.3,5.7,2.9,1,13.700000000000001,0,0.0,0.5620437545953464
8.4,3.2,7.8,3.4,1.2,3.02,2,12.8,0,0.0,0.6562499487304728
9.0,1.2,7.9,4.4,1.5,3.62,2,11.7,0,0.0,0.7692307034845554
6.9,1.2,7.3,4.9,3.7,3.05,1,11.8,0,0.0,0.584745713157143
8.3,3.6,5.5,1.4,5.2,3.4,2,17.1,0,0.0,0.4853800885742638
8.5,3.3,9.3,1.2,1.7,3.25,2,13.5,0,0.0,0.6296295829904013
6.2,1.2,8.9,0.5,7.2,2.76,1,14.6,0,0.0,0.42465750516044487
9.1,1.7,8.0,0.5,4.7,3.23,2,15.5,0,0.0,0.5870967363163396
9.8,3.2,7.3,0.8,2.9,3.42,2,15.900000000000002,0,0.0,0.6163521624935747
9.7,1.4,5.8,3.4,3.7,3.67,2,14.799999999999999,0,0.0,0.6554053611212595
7.4,4.0,8.4,0.3,3.9,3.15,1,15.3,1,0.0,0.4836600991071831
10.0,1.6,6.4,3.3,2.7,3.39,2,14.299999999999999,1,0.0,0.699300650398556
5.0,1.8,9.2,3.4,4.6,2.7,0,11.4,0,3.552713678800501e-15,0.43859645275469716
10.0,1.1,6.4,1.0,5.5,3.4,2,16.6,0,0.0,0.6024096022644817
9.0,3.6,9.9,0.3,1.2,3.19,2,13.799999999999999,0,0.0,0.6521738657845025
9.4,1.3,5.6,5.2,2.5,3.2,2,13.200000000000001,0,0.0,0.7121211581726395
7.1,1.1,8.7,2.7,4.4,3.15,1,12.6,0,3.552713678800501e-15,0.5634920187704747
9.9,0.2,6.8,2.9,4.2,3.09,2,14.3,0,0.0,0.6923076438945703
8.6,3.5,9.7,1.8,0.4,3.3,2,12.5,0,0.0,0.6879999449600044
9.3,2.2,9.1,1.0,2.4,3.07,2,13.900000000000002,0,0.0,0.6690647000672878
7.3,1.1,9.8,1.8,4.0,2.91,1,12.4,1,0.0,0.5887096299427718
5.5,2.1,5.3,0.7,10.4,2.79,2,18.0,0,0.0,0.30555553858024787
7.2,3.2,8.7,2.1,2.8,2.78,1,13.2,0,0.0,0.5454545041322346
6.7,1.3,8.9,0.3,6.8,2.79,1,14.8,1,0.0,0.45270267211468435
6.2,3.7,9.3,3.4,1.4,2.92,1,11.3,0,0.0,0.5486725178165913
7.4,2.1,9.9,4.4,0.2,3.23,1,9.700000000000001,0,0.0,0.7628865192900496
6.0,0.9,8.4,2.4,6.3,2.79,1,13.200000000000001,0,0.0,0.45454542011019544
9.7,0.4,7.6,5.5,0.8,3.73,2,10.9,0,0.0,0.8899081752377821
5.8,3.9,9.6,0.8,3.9,2.57,0,13.6,0,0.0,0.42647055687716495
5.6,0.3,9.5,1.2,7.4,2.57,0,13.3,0,0.0,0.42105259992085714
8.0,0.3,6.1,5.6,4.0,2.76,1,12.3,0,0.0,0.6504064511864673
9.5,3.1,5.1,2.0,4.3,3.14,2,16.900000000000002,0,0.0,0.5621301442526541
9.5,2.5,5.4,5.5,1.1,3.59,2,13.1,0,0.0,0.7251907843365815
9.8,0.3,7.7,1.8,4.4,3.23,2,14.500000000000002,1,0.0,0.6758620223543433
7.9,3.8,7.5,0.4,4.4,3.11,1,16.1,0,0.0,0.4906831993364472
8.1,1.4,9.3,2.3,2.9,3.11,2,12.4,1,0.0,0.6532257537721167
8.8,1.1,8.8,1.1,4.2,3.22,2,14.1,1,0.0,0.6241134309139411
6.6,1.9,9.7,5.4,0.4,2.88,1,8.9,0,0.0,0.7415729503850618
5.7,2.0,7.3,5.4,3.6,2.62,0,11.3,0,0.0,0.504424734121705
9.7,1.5,7.5,4.8,0.5,3.3,2,11.7,0,0.0,0.8290597582000208
6.1,0.8,5.2,3.9,8.0,2.56,2,14.9,0,3.552713678800501e-15,0.40939594567812443
6.3,0.2,6.2,4.8,6.5,2.93,1,13.0,0,0.0,0.484615347337281
7.1,3.9,6.0,1.3,5.7,3.3,1,16.7,0,0.0,0.425149675140738
6.5,0.7,6.9,5.5,4.4,2.71,1,11.6,0,0.0,0.5603447792806225
9.7,0.2,6.1,3.4,4.6,3.81,2,14.499999999999998,0,3.552713678800501e-15,0.6689654711058296
8.1,0.2,7.0,3.9,4.8,3.41,2,13.099999999999998,0,3.552713678800501e-15,0.61832056348698
6.6,0.4,7.1,0.8,9.1,3.27,1,16.099999999999998,1,0.0,0.40993786273677874
9.7,1.9,6.6,4.4,1.4,3.06,2,13.0,0,0.0,0.7461537887574009
9.1,3.5,8.4,0.1,2.9,3.36,2,15.5,0,0.0,0.5870967363163396
7.8,3.1,5.7,1.4,6.0,3.14,2,16.900000000000002,0,3.552713678800501e-15,0.46153843422849494
7.2,0.0,9.1,2.2,5.5,3.41,1,12.7,0,3.552713678800501e-15,0.5669290892181821
7.7,2.7,8.5,4.9,0.2,2.68,1,10.600000000000001,0,0.0,0.7264150258099032
9.8,2.6,6.5,0.6,4.5,3.62,2,16.900000000000002,0,0.0,0.5798816224922116
9.2,1.4,8.3,2.4,2.7,3.47,2,13.299999999999999,0,0.0,0.6917292712985511
5.3,1.7,7.7,2.6,6.7,2.54,0,13.7,0,0.0,0.3868612856305631
8.7,3.3,8.9,0.1,3.0,3.34,2,15.0,0,0.0,0.5799999613333359
9.7,3.3,9.2,0.5,1.3,3.18,2,14.3,0,0.0,0.6783216308865991
7.1,1.9,5.8,0.2,9.0,3.02,2,18.0,0,0.0,0.39444442253086537
9.6,2.3,8.3,3.5,0.3,3.41,2,12.2,0,0.0,0.786885181402854
6.7,2.5,5.2,1.1,8.5,3.11,2,17.7,0,0.0,0.37853105206039256
6.8,1.5,7.7,0.0,8.0,3.15,1,16.3,0,0.0,0.4171778885166939
6.2,0.8,6.3,4.8,5.9,2.76,1,12.900000000000002,0,0.0,0.4806201177813862
7.5,3.5,6.2,0.5,6.3,3.0,1,17.3,0,0.0,0.433525986501388
6.8,3.0,7.8,4.9,1.5,2.99,1,11.3,0,0.0,0.601769858250455
5.2,3.9,6.9,0.9,7.1,3.28,0,16.2,0,0.0,0.3209876345069361
8.3,1.1,7.9,3.5,3.2,3.49,2,12.6,0,0.0,0.6587301064499916
6.3,1.8,7.7,4.0,4.2,2.91,1,12.3,0,0.0,0.512195080309343
8.9,1.6,8.2,0.8,4.5,3.3,2,15.0,0,0.0,0.5933332937777804
8.6,0.1,6.0,2.9,6.4,3.42,2,15.1,0,0.0,0.5695363861234182
9.4,2.1,9.6,1.4,1.5,3.2,2,13.0,0,0.0,0.7230768674556256
9.0,1.0,9.5,4.1,0.4,3.34,2,10.4,0,0.0,0.8653845321745642
9.7,2.1,8.4,3.0,0.8,3.51,2,12.6,0,0.0,0.7698412087427612
5.2,2.0,5.8,1.1,9.9,2.58,2,17.1,1,0.0,0.30409354946821343
6.8,1.7,8.1,0.4,7.0,2.75,1,15.5,0,0.0,0.43870964911550653
7.9,2.5,7.8,4.3,1.5,3.19,1,11.9,0,0.0,0.6638654904314715
6.7,3.1,7.2,2.9,4.1,3.24,1,13.9,0,0.0,0.48201435381191704
6.5,0.3,5.5,5.5,6.2,3.28,2,13.0,0,0.0,0.49999996153846454
8.4,0.5,6.8,3.6,4.7,3.34,2,13.600000000000001,1,0.0,0.6176470134083079
5.0,0.8,9.8,3.7,4.7,2.69,0,10.5,0,0.0,0.47619043083900664
6.3,0.3,5.1,1.5,10.8,2.9,2,17.400000000000002,0,0.0,0.3620689447086813
8.6,3.7,7.0,0.9,3.8,3.48,2,16.099999999999998,0,0.0,0.5341614575054996
7.6,3.6,9.0,0.3,3.5,3.27,1,14.7,0,0.0,0.5170067675505601
9.5,0.5,7.7,5.3,1.0,3.78,2,11.0,0,0.0,0.8636362851239742
7.1,1.9,5.4,1.7,7.9,3.14,2,16.9,0,3.552713678800501e-15,0.4201183183361942
6.4,1.8,8.4,1.0,6.4,2.93,1,14.600000000000001,0,0.0,0.43835613435916887
7.4,3.0,9.3,2.7,1.6,2.95,1,12.0,0,0.0,0.6166666152777821
9.7,0.5,8.9,1.3,3.6,3.53,2,13.799999999999999,0,0.0,0.7028984997899638
9.7,2.9,8.8,0.6,2.0,3.87,2,14.6,0,0.0,0.6643835161381153
8.8,0.4,9.8,4.5,0.5,3.12,2,9.700000000000001,0,0.0,0.9072164013178968
6.4,3.3,7.6,2.8,3.9,3.11,1,13.600000000000001,0,0.0,0.47058820069204405
8.6,1.6,8.1,4.0,1.7,2.94,2,11.899999999999999,0,0.0,0.7226890149000829
8.6,0.2,9.3,2.7,3.2,3.11,2,12.0,0,0.0,0.7166666069444494
7.4,3.5,6.9,4.5,1.7,2.95,1,12.6,0,0.0,0.587301540690354
5.5,1.9,10.0,4.6,2.0,2.83,0,9.4,0,0.0,0.5851063207333702
6.2,1.6,8.9,4.6,2.7,2.63,1,10.5,0,0.0,0.5904761342403683
6.1,3.7,8.0,2.3,3.9,3.41,1,13.7,1,0.0,0.44525544195215755
7.8,1.9,7.5,1.1,5.7,3.18,1,15.4,0,0.0,0.5064934736043198
9.1,2.2,5.7,4.6,2.4,3.17,2,13.7,0,0.0,0.6642335281581366
7.6,0.5,9.7,1.1,5.1,3.07,1,13.2,0,0.0,0.5757575321395809
6.3,1.6,6.9,4.8,4.4,2.69,1,12.299999999999999,1,0.0,0.5121950803093431
6.3,2.0,5.7,3.7,6.3,2.91,2,14.6,0,0.0,0.43150681975980687
7.8,2.9,9.7,3.3,0.3,3.09,1,11.0,0,0.0,0.7090908446281051
9.5,3.9,9.3,0.1,1.2,3.28,2,14.6,0,0.0,0.6506848869393913
9.7,1.7,5.0,2.7,4.9,3.47,2,16.3,0,3.552713678800501e-15,0.5950919880311663
6.7,1.9,8.1,5.2,2.1,2.88,1,10.700000000000001,0,3.552713678800501e-15,0.6261681657786761
8.3,1.7,9.1,4.4,0.5,3.26,2,10.5,0,0.0,0.7904761151927511
6.4,0.2,8.3,5.2,3.9,2.75,1,10.5,0,0.0,0.6095237514739285
5.8,3.2,9.3,5.2,0.5,2.96,0,9.5,0,0.0,0.6105262515235526
6.6,2.2,5.3,0.3,9.6,2.94,2,18.4,0,0.0,0.35869563267958515
8.6,1.8,6.3,1.1,6.2,3.2,2,16.6,1,0.0,0.5180722579474543
7.4,1.4,6.6,5.8,2.8,2.87,1,11.6,1,0.0,0.6379309794887088
8.2,0.1,7.2,5.3,3.2,3.12,2,11.499999999999998,0,0.0,0.7130434162570943
8.8,2.4,7.9,0.3,4.6,3.26,2,15.8,1,0.0,0.5569619900656969
5.7,2.5,6.0,3.0,6.8,2.5,0,15.0,0,0.0,0.3799999746666684
9.7,3.4,8.6,0.2,2.1,3.53,2,15.2,0,3.552713678800501e-15,0.6381578527527728
5.5,2.0,5.8,5.9,4.8,2.82,2,12.3,0,0.0,0.4471544351906963
6.8,2.6,5.6,2.6,6.4,2.77,2,15.799999999999999,0,0.0,0.4303797195962203
6.4,3.6,5.2,5.5,3.3,2.86,2,13.299999999999999,0,0.0,0.48120297133812256
8.9,0.1,9.8,2.7,2.5,3.51,2,11.5,0,0.0,0.7739129761814804
6.5,1.5,5.3,5.9,4.8,3.0,2,12.8,0,0.0,0.5078124603271515
7.2,3.8,6.2,3.2,3.6,3.02,1,14.600000000000001,0,0.0,0.493150651154065
7.4,2.8,5.3,1.2,7.3,3.25,2,17.5,0,0.0,0.42285711869387893
5.9,2.3,6.1,5.2,4.5,2.72,0,12.7,0,3.552713678800501e-15,0.4645668925537881
9.7,2.1,6.8,1.3,4.1,3.55,2,15.899999999999999,0,0.0,0.610062854713028
9.7,1.6,8.5,2.1,2.1,3.87,2,13.399999999999999,0,0.0,0.7238805429939894
7.6,1.1,7.3,2.8,5.2,3.2,1,13.9,0,0.0,0.5467625505926222
6.6,0.2,7.5,3.3,6.4,3.02,1,13.2,0,0.0,0.499999962121215
5.8,3.0,9.9,5.0,0.3,2.93,0,9.1,0,0.0,0.6373625673227948
8.5,1.8,7.7,5.1,0.9,3.23,2,11.200000000000001,0,0.0,0.7589285036670979
7.4,1.5,7.5,3.5,4.1,3.33,1,13.0,0,0.0,0.5692307254437904
5.5,2.4,5.6,0.5,10.0,3.11,2,17.9,0,0.0,0.3072625526668965
7.6,1.6,7.9,0.5,6.4,2.89,1,15.6,0,0.0,0.48717945595003487
9.9,2.2,8.4,1.1,2.4,3.43,2,14.5,1,0.0,0.6827585736028571
5.5,3.9,6.4,2.5,5.7,2.8,0,15.1,0,0.0,0.3642383864742791
9.1,2.1,6.4,0.4,6.0,3.37,2,17.2,0,0.0,0.529069736681992
5.8,3.6,8.4,1.5,4.7,2.91,0,14.1,0,0.0,0.4113474885569157
7.9,1.6,6.8,1.3,6.4,3.1,1,15.9,0,0.0,0.4968553146631878
8.3,3.9,5.9,3.5,2.4,2.95,2,14.600000000000001,0,0.0,0.5684931117470472
6.3,3.3,7.4,3.3,3.7,2.52,1,13.3,1,0.0,0.47368417491096426
6.5,0.7,5.4,4.3,7.1,3.1,2,14.299999999999999,1,0.0,0.4545454227590614
7.0,1.7,7.3,2.2,5.8,2.85,1,14.5,0,0.0,0.4827585873959595
5.5,1.2,8.3,4.0,5.0,2.76,0,11.7,0,0.0,0.4700854299072283
6.0,0.8,5.1,5.4,6.7,2.54,2,13.5,0,0.0,0.4444444115226362
6.1,0.9,6.4,0.8,9.8,2.79,1,16.8,1,0.0,0.36309521648242754
5.7,2.6,6.7,4.2,4.8,2.9,0,13.1,0,0.0,0.43511447060194886
7.8,1.0,8.3,0.7,6.2,2.69,1,15.0,0,0.0,0.5199999653333357
6.3,2.4,9.4,5.9,0.0,3.22,1,8.7,0,0.0,0.7241378478002475
8.0,1.6,6.1,1.5,6.8,2.75,1,16.400000000000002,0,0.0,0.4878048483045823
9.6,1.5,6.9,2.3,3.7,3.37,2,14.8,1,0.0,0.6486486048210401
9.2,2.6,8.1,1.4,2.7,3.39,2,14.499999999999998,0,0.0,0.6344827148632611
7.0,2.0,8.3,0.1,6.6,3.27,1,15.6,0,0.0,0.4487179199539795
9.4,1.8,6.7,0.8,5.3,3.37,2,16.5,0,0.0,0.5696969351698827
7.0,2.7,7.1,5.8,1.4,2.47,1,11.100000000000001,0,0.0,0.6306305738170653
8.0,3.2,5.5,2.4,4.9,3.36,2,16.1,0,0.0,0.4968943790748832
9.3,0.3,5.4,5.1,3.9,3.02,2,13.500000000000002,0,0.0,0.688888837860086
6.1,2.7,7.7,5.0,2.5,3.04,1,11.3,0,0.0,0.5398229610776141
7.1,1.3,8.0,5.6,2.0,3.08,1,10.4,0,0.0,0.6826922420488228
9.2,4.0,5.1,0.6,5.1,3.62,2,18.299999999999997,0,0.0,0.5027322129654529
6.4,1.0,8.9,0.3,7.4,3.04,1,14.8,1,0.0,0.4324324032140268
6.8,2.0,7.8,4.4,3.0,3.27,1,11.8,0,0.0,0.5762711376041408
7.9,2.2,8.2,1.5,4.2,2.87,1,14.3,0,0.0,0.5524475138148592
5.4,0.5,6.1,3.0,9.0,2.91,0,14.9,0,0.0,0.3624160830593233
8.9,1.4,7.0,2.4,4.3,3.5,2,14.6,0,0.0,0.6095889993432193
6.0,0.2,8.0,5.9,3.9,2.76,1,10.1,0,0.0,0.594059347122837
9.1,2.8,9.7,1.0,1.4,3.53,2,13.3,0,0.0,0.6842104748713929
8.3,1.9,8.2,2.5,3.1,3.25,2,13.3,0,0.0,0.6240601034541277
7.6,3.2,8.7,3.0,1.5,2.86,1,12.3,0,0.0,0.617886128627144
5.6,2.9,7.5,5.4,2.6,2.98,0,11.1,0,0.0,0.5045044590536524
5.7,3.0,5.0,1.0,9.3,2.42,2,18.0,0,0.0,0.31666664907407505
7.9,2.9,9.6,2.5,1.1,2.99,1,11.9,0,0.0,0.6638654904314715
5.0,0.5,7.7,4.1,6.7,3.07,0,12.2,0,0.0,0.40983603198065316
7.1,2.9,7.6,0.4,6.0,3.15,1,16.0,0,0.0,0.4437499722656267
8.6,3.6,5.6,5.9,0.3,3.21,2,12.5,0,0.0,0.6879999449600044
6.0,0.0,10.0,1.7,6.3,2.7,1,12.3,0,0.0,0.48780483838985056
7.9,3.6,6.6,4.0,1.9,3.29,1,13.4,0,0.0,0.5895521948095378
5.9,2.5,6.7,1.3,7.6,2.7,0,16.0,0,0.0,0.36874997695312645
9.5,1.6,6.2,2.7,4.0,3.32,2,15.1,0,0.0,0.6291390311828456
6.6,3.0,9.9,2.0,2.5,3.03,1,12.1,0,0.0,0.5454545003756611
5.8,2.8,7.6,3.9,3.9,3.09,0,12.5,0,0.0,0.463999962880003
9.4,1.8,9.5,2.5,0.8,3.91,2,12.000000000000002,0,0.0,0.7833332680555609
6.6,3.9,8.3,0.2,5.0,2.93,1,15.5,0,0.0,0.42580642414152103
6.6,2.5,5.3,0.1,9.5,2.6,2,18.6,1,0.0,0.35483869060007034
7.2,1.1,5.8,4.1,5.8,2.96,2,14.1,0,0.0,0.5106382616568609
7.6,0.8,6.6,3.6,5.4,3.3,1,13.8,0,0.0,0.5507245977735798
8.6,2.7,7.4,3.4,1.9,3.45,2,13.2,0,0.0,0.6515151021579468
5.2,2.5,8.9,3.0,4.4,2.51,0,12.100000000000001,0,0.0,0.42975203059900574
8.2,2.8,9.4,1.2,2.4,3.06,2,13.399999999999999,0,0.0,0.6119402528402796
8.8,2.2,9.4,1.9,1.7,3.85,2,12.7,0,0.0,0.692913331266667
8.7,3.9,5.4,0.3,5.7,3.42,2,18.299999999999997,1,0.0,0.47540981008689565
9.7,2.1,8.1,2.0,2.1,3.49,2,13.899999999999999,0,0.0,0.697841676414268
8.7,1.2,6.5,5.0,2.6,3.25,2,12.499999999999998,0,0.0,0.6959999443200046
5.4,3.5,6.3,3.6,5.2,2.85,0,14.100000000000001,1,0.0,0.3829786962426457
7.1,2.8,6.7,1.7,5.7,3.16,1,15.600000000000001,0,3.552713678800501e-15,0.455128175953322
10.0,3.0,8.2,1.0,1.8,3.81,2,14.8,0,0.0,0.6756756300219169
7.7,3.4,5.2,2.2,5.5,3.22,2,16.599999999999998,0,0.0,0.46385539374365103
6.2,1.8,5.4,5.7,4.9,2.98,2,12.900000000000002,0,0.0,0.4806201177813862
7.8,3.7,5.0,4.5,3.0,3.16,2,14.5,0,0.0,0.5379309973840691
9.5,0.6,5.5,2.5,5.9,3.44,2,16.0,0,0.0,0.5937499628906273
7.6,0.6,5.0,4.9,5.9,3.29,2,14.1,0,0.0,0.5390070539711309
5.4,2.5,9.6,1.3,5.2,2.69,0,13.100000000000001,1,0.0,0.4122137089913199
8.0,0.7,8.7,1.8,4.8,3.25,1,13.5,0,0.0,0.5925925486968483
7.3,2.4,5.9,4.4,4.0,3.3,2,13.700000000000001,0,0.0,0.5328466764345492
5.8,2.8,5.6,2.6,7.2,2.62,2,15.8,0,0.0,0.367088584361482
6.2,3.0,6.3,5.3,3.2,2.91,1,12.4,0,0.0,0.4999999596774226
8.1,0.4,7.0,4.3,4.2,3.24,2,12.700000000000001,0,0.0,0.6377952253704546
8.3,2.5,6.4,2.3,4.5,3.31,2,15.3,1,0.0,0.5424836246742729
7.5,2.8,6.2,1.9,5.6,3.02,1,15.899999999999999,0,0.0,0.4716980835410011
6.7,0.1,6.7,4.8,5.7,3.01,1,12.5,0,0.0,0.5359999571200035
7.3,0.1,9.4,0.1,7.1,3.29,1,14.499999999999998,0,0.0,0.5034482411415007
9.7,2.0,6.7,5.2,0.4,3.47,2,12.1,0,0.0,0.8016528263096838
7.7,0.9,7.1,3.9,4.4,3.08,1,13.000000000000002,0,0.0,0.5923076467455656
8.6,0.0,9.7,0.9,4.8,3.14,2,13.399999999999999,0,3.552713678800501e-15,0.641790996881269
5.2,0.5,9.9,1.9,6.5,2.61,0,12.2,0,0.0,0.4262294732598793
5.6,0.4,8.6,5.1,4.3,2.81,0,10.299999999999999,0,0.0,0.5436892676029838
6.1,2.1,6.3,5.6,3.9,2.73,1,12.1,0,0.0,0.5041321897411414
9.5,2.3,6.8,2.1,3.3,3.74,2,15.100000000000001,1,0.0,0.6291390311828456
7.3,3.4,9.7,1.2,2.4,2.97,1,13.1,0,3.552713678800501e-15,0.5572518658586362
7.8,0.4,6.0,2.5,7.3,3.24,1,15.5,0,0.0,0.503225773985434
5.8,1.8,8.0,4.2,4.2,2.82,0,11.8,0,0.0,0.49152538207412017
6.9,3.5,7.8,2.5,3.3,3.02,1,13.7,0,0.0,0.503649598273752
9.1,2.5,9.2,1.6,1.6,3.22,2,13.2,0,0.0,0.6893938871671298
5.6,0.1,6.5,4.2,7.6,2.71,0,13.299999999999999,0,3.552713678800501e-15,0.4210525999208572
7.5,1.7,7.1,1.4,6.3,3.32,1,15.5,0,0.0,0.48387093652445573
5.7,0.8,5.3,1.2,11.0,2.74,2,17.5,0,0.0,0.3257142671020419
6.8,0.0,9.2,0.2,7.8,2.8,1,14.6,0,3.552713678800501e-15,0.465753392756617
9.7,3.6,7.7,1.6,1.4,3.22,2,14.7,0,0.0,0.6598639006895306
8.2,0.2,5.3,2.7,7.6,3.55,2,15.999999999999998,0,3.552713678800501e-15,0.5124999679687521
7.7,3.6,5.5,4.9,2.3,3.06,2,13.6,0,0.0,0.5661764289576156
6.6,1.6,5.8,3.0,7.0,2.73,2,15.2,0,0.0,0.43421049774930937
9.0,1.8,7.5,4.8,0.9,3.33,2,11.700000000000001,1,0.0,0.7692307034845552
6.3,3.5,7.9,1.3,5.0,3.32,1,14.8,1,0.0,0.4256756469138076
6.3,3.2,5.2,6.0,3.3,3.0,2,12.8,0,0.0,0.49218746154785453
7.0,2.0,9.4,2.3,3.3,2.98,1,12.3,1,0.0,0.569105644788159
7.7,0.2,5.0,1.5,9.6,3.0,2,17.5,0,0.0,0.43999997485714426
5.6,1.6,8.2,4.3,4.3,2.91,0,11.499999999999998,0,0.0,0.48695647939508885
5.9,0.3,9.7,1.6,6.5,2.76,0,12.700000000000001,0,0.0,0.464566892553788
9.1,3.1,8.0,1.3,2.5,3.46,2,14.7,0,0.0,0.619047576935539
6.3,0.5,7.5,3.5,6.2,2.87,1,13.0,0,0.0,0.484615347337281
6.8,2.6,9.5,0.8,4.3,2.58,1,13.7,0,0.0,0.49635032873355267
6.9,0.6,8.1,4.4,4.0,3.0,1,11.5,0,0.0,0.5999999478260916
9.8,0.3,8.0,0.3,5.6,3.53,2,15.700000000000001,1,0.0,0.6242037818978483
9.5,2.1,8.3,3.4,0.7,3.35,2,12.299999999999999,0,0.0,0.7723576607839301
5.6,1.9,8.0,0.2,8.3,2.99,0,15.8,0,0.0,0.3544303573145343
6.4,0.1,7.1,5.4,5.0,2.72,1,11.5,0,0.0,0.5565216907372443
9.6,3.0,8.7,1.9,0.8,3.45,2,13.4,0,0.0,0.716417856983742
6.0,0.8,8.4,1.3,7.5,3.19,1,14.3,1,0.0,0.41958039023913357
8.9,1.8,9.0,3.6,0.7,3.27,2,11.4,0,0.0,0.780701685903361
8.3,0.9,6.4,1.9,6.5,3.18,2,15.700000000000001,0,0.0,0.5286623867094021
6.0,1.8,9.5,0.6,6.1,2.78,1,13.9,0,0.0,0.4316546452047018
8.6,2.7,5.5,5.5,1.7,2.9,2,13.0,0,0.0,0.6615384106508915
8.8,1.0,8.5,0.2,5.5,3.52,2,15.3,0,0.0,0.575163361100434
9.2,1.8,8.2,1.1,3.7,3.6,2,14.7,0,0.0,0.6258502975612042
7.4,2.5,7.3,5.4,1.4,3.25,1,11.3,0,0.0,0.6548671986843188
7.5,3.4,9.0,1.7,2.4,3.03,1,13.3,0,0.0,0.5639097320368622
9.1,0.9,7.6,4.8,1.6,3.08,2,11.6,0,0.0,0.7844826909928715
6.8,2.6,6.2,0.7,7.7,3.0,1,17.1,0,0.0,0.39766079545843297
6.4,3.4,6.7,5.8,1.7,2.98,1,11.5,0,0.0,0.5565216907372443
9.9,1.1,5.2,4.2,3.6,3.3,2,14.6,0,0.0,0.6780821453368394
8.5,0.1,9.4,0.8,5.2,3.25,2,13.799999999999999,1,0.0,0.6159419843520302
5.6,0.7,9.8,4.2,3.7,2.75,0,10.0,0,0.0,0.5599999440000056
6.7,0.9,7.4,3.3,5.7,3.26,1,13.3,1,0.0,0.5037593606195969
8.2,1.0,9.7,0.9,4.2,2.81,2,13.399999999999999,0,3.552713678800501e-15,0.6119402528402796
7.2,2.3,7.2,2.5,4.8,3.03,1,14.3,0,0.0,0.5034964682869603
8.7,2.7,9.2,0.8,2.6,3.58,2,14.0,0,3.552713678800501e-15,0.6214285270408195
6.8,1.9,6.6,0.9,7.8,3.38,1,16.5,0,0.0,0.41212118714417045
6.1,0.4,8.4,4.0,5.1,2.88,1,11.6,0,0.0,0.5258620236325842
7.9,3.9,7.7,4.1,0.4,3.4,1,12.200000000000001,0,0.0,0.647540930529432
5.4,0.8,7.2,3.5,7.1,2.71,0,13.3,0,0.0,0.40601500706654087
9.0,2.4,6.0,3.0,3.6,3.32,2,15.0,0,0.0,0.5999999600000027
8.7,3.1,7.5,1.4,3.3,2.99,2,15.1,0,3.552713678800501e-15,0.5761589022411323
8.7,1.0,5.9,3.2,5.2,3.17,2,14.899999999999999,0,3.552713678800501e-15,0.5838925782622431
6.4,2.5,5.6,3.9,5.6,2.89,2,14.5,0,0.0,0.4413792799048773
8.9,2.4,9.9,1.0,1.8,3.44,2,13.100000000000001,0,0.0,0.6793892611153236
8.4,0.3,7.0,5.8,2.5,2.9,2,11.200000000000001,1,0.0,0.7499999330357203
5.6,2.8,8.2,2.2,5.2,2.91,0,13.600000000000001,0,3.552713678800501e-15,0.41176467560553853
9.8,0.1,6.5,5.5,2.1,3.24,2,12.0,0,0.0,0.8166665986111169
7.7,3.3,5.5,5.7,1.8,2.99,2,12.8,0,0.0,0.6015624530029334
9.0,0.7,8.6,2.2,3.5,3.62,2,13.2,0,3.552713678800501e-15,0.6818181301652932
9.8,0.5,7.1,2.9,3.7,3.38,2,14.0,0,0.0,0.6999999500000037
6.9,1.5,5.3,4.1,6.2,2.77,2,14.600000000000001,0,0.0,0.4726027073559789
9.1,3.2,7.4,1.3,3.0,3.31,2,15.3,1,0.0,0.5947712029561305
8.2,1.2,6.2,4.4,4.0,3.08,2,13.399999999999999,0,0.0,0.6119402528402796
6.2,3.7,7.6,2.2,4.3,2.84,1,14.2,0,3.552713678800501e-15,0.4366196875619939
9.4,1.6,6.7,1.2,5.1,3.11,2,16.1,0,0.0,0.5838508954129878
8.4,1.2,7.9,0.4,6.1,3.06,2,15.7,0,0.0,0.5350318130552986
6.0,1.6,9.7,2.3,4.4,2.66,1,12.0,0,0.0,0.4999999583333368
5.6,0.2,6.5,0.9,10.8,3.0,0,16.599999999999998,0,0.0,0.3373493772681098
5.9,3.0,5.1,3.3,6.7,2.91,2,15.600000000000001,1,0.0,0.37820510396121126
7.8,1.3,6.5,4.4,4.0,2.69,1,13.100000000000001,0,0.0,0.5954198018763509
9.4,0.8,5.5,5.4,2.9,3.55,2,13.100000000000001,0,0.0,0.7175571971330383
6.8,0.5,7.9,3.2,5.6,2.61,1,12.899999999999999,0,3.552713678800501e-15,0.5271317420828108
6.0,1.8,9.0,3.5,3.7,2.92,1,11.5,0,0.0,0.5217390850661665
8.5,3.2,8.1,0.6,3.6,3.09,2,15.3,0,0.0,0.5555555192447373
8.6,2.7,5.1,2.5,5.1,3.54,2,16.4,0,0.0,0.5243902119274261
6.1,2.4,9.6,4.7,1.2,2.67,1,9.7,0,3.552713678800501e-15,0.6288659145499058
9.6,3.9,5.1,3.4,2.0,3.65,2,15.5,0,0.0,0.6193547987513033
6.3,3.9,8.1,4.5,1.2,2.89,1,11.4,0,0.0,0.5526315304709184
5.4,0.7,8.8,0.1,9.0,2.57,0,15.1,1,0.0,0.35761587035656495
8.1,2.8,6.7,0.6,5.8,3.5,2,16.7,0,0.0,0.4850299110760532
5.3,2.4,7.6,4.5,4.2,2.25,0,11.9,0,0.0,0.44537811383377196
7.0,0.1,6.7,5.9,4.3,3.12,1,11.4,0,0.0,0.614035033856576
9.4,1.3,7.9,4.6,0.8,3.34,2,11.500000000000002,0,0.0,0.8173912332703275
5.4,2.0,9.8,4.2,2.6,2.8,0,10.0,0,0.0,0.5399999460000054
5.4,0.8,8.9,5.0,3.9,3.12,0,10.100000000000001,0,0.0,0.5346534124105532
5.1,3.3,8.9,1.6,5.1,3.02,0,13.5,0,0.0,0.3777777497942407
8.5,0.9,5.2,1.2,8.2,3.17,2,17.599999999999998,0,0.0,0.4829545180139479
7.1,2.0,7.4,1.6,5.9,2.86,1,15.0,0,0.0,0.4733333017777799
5.1,2.4,7.0,1.8,7.7,2.84,0,15.200000000000001,0,0.0,0.3355262937153754
9.3,2.0,5.7,4.2,2.8,3.51,2,14.100000000000001,0,0.0,0.6595744213067787
6.0,1.8,5.3,5.0,5.9,2.88,2,13.700000000000001,0,0.0,0.4379561724119582
8.7,2.5,9.0,1.6,2.2,3.53,2,13.399999999999999,0,0.0,0.6492536828915163
8.9,1.8,9.7,1.8,1.8,3.63,2,12.500000000000002,1,0.0,0.7119999430400046
9.1,2.2,5.9,2.8,4.0,3.33,2,15.3,1,0.0,0.5947712029561305
9.8,3.0,9.1,0.1,2.0,3.9,2,14.8,0,0.0,0.6621621174214786
9.2,0.2,9.3,2.9,2.4,3.29,2,11.799999999999999,0,0.0,0.7796609508761907
6.0,1.3,6.4,3.2,7.1,2.84,1,14.4,0,3.552713678800501e-15,0.4166666377314835
6.2,1.8,7.6,4.6,3.8,2.98,1,11.8,0,0.0,0.5254236842861285
7.2,3.2,8.1,0.6,4.9,3.04,1,15.3,0,0.0,0.4705882045367187
7.0,3.0,7.9,2.3,3.8,2.81,1,13.8,1,0.0,0.507246340054613
5.9,0.9,7.9,2.5,6.8,2.63,0,13.6,0,0.0,0.43382349751297816
8.3,3.4,6.3,2.9,3.1,3.26,2,14.8,0,0.0,0.560810772918191
9.9,1.3,8.0,0.4,4.4,3.33,2,15.600000000000001,0,0.0,0.6346153439349138
9.8,2.9,8.9,1.7,0.7,3.51,2,13.4,0,0.0,0.7313432290042368
7.9,1.8,9.3,4.8,0.2,3.34,1,9.9,1,0.0,0.7979797173757862
7.9,2.2,7.3,1.3,5.3,3.18,1,15.399999999999999,1,0.0,0.5129869796761702
5.0,1.0,7.5,2.3,8.2,2.82,0,14.2,0,0.0,0.3521126512596725
6.8,1.8,5.7,0.3,9.4,3.01,2,18.0,0,0.0,0.3777777567901246
8.9,2.3,8.8,0.6,3.4,3.02,2,14.600000000000001,0,0.0,0.6095889993432192
6.1,0.0,5.7,1.9,10.3,3.01,2,16.4,0,3.552713678800501e-15,0.3719511968322441
5.6,3.9,6.5,0.8,7.2,2.92,0,16.7,0,0.0,0.33532932123776515
5.3,3.4,9.8,1.4,4.1,2.53,0,12.799999999999999,0,0.0,0.4140624676513698
7.3,0.1,8.2,2.5,5.9,2.92,1,13.299999999999999,0,0.0,0.548872139182546
8.3,1.7,5.9,4.1,4.0,3.11,2,14.0,0,0.0,0.5928571005102072
7.8,3.4,5.6,4.7,2.5,3.02,2,13.700000000000001,0,3.552713678800501e-15,0.5693430241355456
8.5,1.8,9.7,0.6,3.4,3.34,2,13.700000000000001,0,0.0,0.6204379109169408
8.2,1.5,9.8,1.5,3.0,3.4,2,12.7,0,0.0,0.6456692404984851
10.0,1.0,7.2,3.0,2.8,3.37,2,13.8,0,0.0,0.7246376286494473
6.5,0.1,6.1,1.7,9.6,2.72,1,16.200000000000003,0,3.552713678800501e-15,0.4012345431336701
9.4,2.8,5.4,3.9,2.5,3.37,2,14.7,0,0.0,0.6394557388125348
8.3,3.8,5.0,1.5,5.4,3.43,2,17.5,0,0.0,0.47428568718367503
5.5,2.1,6.2,1.1,9.1,2.98,0,16.7,0,0.0,0.32934129764423364
9.1,0.5,7.3,5.6,1.5,3.37,2,11.1,0,0.0,0.8198197459621851
5.9,1.3,7.1,1.9,7.8,2.91,0,15.0,0,0.0,0.3933333071111129
6.4,3.9,5.8,4.4,3.5,2.91,2,13.8,0,0.0,0.46376808233564626
5.9,2.6,8.6,4.1,2.8,2.98,0,11.299999999999999,0,0.0,0.5221238475996596
6.6,1.0,9.8,5.5,1.1,3.23,1,8.7,0,0.0,0.7586206024574021
7.3,1.7,5.8,2.6,6.6,3.07,2,15.599999999999998,0,0.0,0.4679486879520073
7.7,0.1,7.2,4.7,4.3,3.37,1,12.1,0,0.0,0.6363635837716047
9.5,0.1,7.8,4.7,1.9,3.71,2,11.5,0,0.0,0.826086884688097
7.7,1.3,5.7,5.3,4.0,3.36,2,13.0,0,0.0,0.5923076467455657
7.9,2.7,9.0,2.9,1.5,3.17,1,12.100000000000001,0,0.0,0.6528925080254125
7.0,2.1,9.0,2.2,3.7,2.89,1,12.799999999999999,0,0.0,0.546874957275394
9.6,0.4,8.2,2.4,3.4,3.4,2,13.4,0,0.0,0.716417856983742
7.0,2.7,5.3,3.6,5.4,3.17,2,15.100000000000001,0,0.0,0.4635761282399915
5.9,3.6,8.3,5.3,0.9,2.99,0,10.4,1,0.0,0.567307637758881
7.4,2.2,9.6,4.3,0.5,2.77,1,10.100000000000001,1,0.0,0.7326731947848322
7.0,1.6,6.4,1.6,7.4,2.97,1,16.0,0,0.0,0.4374999726562517
9.3,0.3,8.4,1.0,5.0,3.29,2,14.600000000000001,0,0.0,0.6369862577406673
6.3,3.1,9.4,1.2,4.0,2.91,1,13.4,0,0.0,0.4701492186455807
7.3,1.9,9.4,4.1,1.3,3.51,1,10.5,0,0.0,0.6952380290249497
9.2,0.0,7.0,5.4,2.4,3.41,2,11.6,0,0.0,0.7931033799048811
8.7,2.2,7.6,1.9,3.6,3.73,2,14.5,0,3.552713678800501e-15,0.5999999586206924
7.1,2.9,9.3,0.7,4.0,3.12,1,14.0,0,0.0,0.5071428209183699
7.3,1.6,8.4,1.5,5.2,3.27,1,14.1,0,0.0,0.5177304597354284
7.1,3.6,10.0,0.4,2.9,3.13,1,13.6,0,0.0,0.5220587851427364
6.2,3.8,9.8,0.4,3.8,3.17,1,13.8,0,0.0,0.44927532976265727
5.1,2.4,6.4,5.2,4.9,2.77,0,12.4,0,0.0,0.4112902894120734
6.4,2.7,8.4,1.3,5.2,2.94,1,14.3,1,0.0,0.4475524162550758
6.4,3.2,9.0,2.5,2.9,2.87,1,12.5,0,0.0,0.5119999590400033
8.0,2.4,9.1,1.9,2.6,3.01,1,13.0,0,0.0,0.615384568047341
7.7,1.8,7.2,0.5,6.8,2.97,1,16.3,0,0.0,0.4723926090556681
8.6,0.9,6.0,2.5,6.0,3.38,2,15.5,0,0.0,0.5548386738813759
6.9,1.8,7.7,1.2,6.4,2.75,1,15.100000000000001,0,0.0,0.45695361212227736
5.8,3.5,7.2,2.5,5.0,2.87,0,14.3,0,0.0,0.40559437723116243
7.8,2.2,8.5,1.0,4.5,3.06,1,14.5,0,0.0,0.5379309973840691
6.3,3.2,9.7,0.7,4.1,2.65,1,13.599999999999998,0,3.552713678800501e-15,0.46323526005623095
5.3,1.3,5.7,4.3,7.4,2.79,2,14.0,0,0.0,0.3785714015306142
7.7,0.6,5.0,4.8,5.9,3.23,2,14.200000000000001,1,0.0,0.5422534829398956
6.7,2.3,6.6,0.5,7.9,2.77,1,16.900000000000002,0,0.0,0.39644968068345077
6.1,0.8,7.1,3.9,6.1,3.4,1,13.0,0,0.0,0.4692307331360975
9.8,2.4,7.4,2.5,1.9,3.56,2,14.100000000000001,0,0.0,0.6950354116996162
9.6,3.3,6.6,1.1,3.4,3.45,2,16.3,0,0.0,0.5889570190823914
8.7,2.0,5.3,4.3,3.7,2.96,2,14.399999999999999,0,0.0,0.6041666247106511
9.0,1.2,8.3,2.3,3.2,3.74,2,13.399999999999999,0,0.0,0.6716417409222583
9.4,2.0,6.6,4.5,1.5,3.46,2,12.9,0,0.0,0.7286821140556501
6.1,1.6,9.3,4.3,2.7,2.65,1,10.4,0,0.0,0.586538405140538
6.8,1.1,5.9,4.5,5.7,2.93,2,13.6,0,0.0,0.49999996323529683
6.3,1.8,6.9,5.9,3.1,2.8,1,11.200000000000001,0,0.0,0.5624999497767902
5.4,2.4,8.0,2.5,5.7,2.77,0,13.500000000000002,0,0.0,0.39999997037037255
7.2,0.2,7.6,3.0,6.0,2.83,1,13.399999999999999,0,0.0,0.5373133927378066
6.3,0.7,9.8,5.1,2.1,3.03,1,9.1,0,0.0,0.6923076162299323
6.2,1.3,6.0,3.0,7.5,3.12,1,15.0,0,0.0,0.41333330577777966
5.8,3.2,9.0,0.8,5.2,2.88,0,14.2,0,0.0,0.40845067546122005
7.0,0.7,6.3,1.6,8.4,2.63,1,16.1,1,0.0,0.4347825816905228
9.7,0.5,9.9,0.9,3.0,3.72,2,13.2,0,0.0,0.7348484291781493
8.9,1.4,5.7,5.1,2.9,3.55,2,13.200000000000001,0,0.0,0.6742423731634566
7.8,1.9,7.5,4.4,2.4,2.91,1,12.1,0,0.0,0.6446280458985086
5.4,2.7,9.5,0.3,6.1,2.9,0,14.2,1,0.0,0.38028166336044633
7.2,1.6,5.7,3.0,6.5,2.94,2,15.299999999999999,0,0.0,0.47058820453671873
5.6,1.9,8.8,1.5,6.2,2.89,0,13.700000000000001,0,0.0,0.40875909425116097
8.4,3.4,7.1,3.9,1.2,3.26,2,13.0,0,0.0,0.646153796449708
5.2,0.5,6.0,2.4,9.9,2.69,0,15.600000000000001,0,0.0,0.33333331196581334
8.3,2.8,7.9,1.8,3.2,3.44,2,14.3,1,0.0,0.5804195398308014
7.9,1.4,5.4,6.0,3.3,3.11,2,12.6,0,0.0,0.626984077223486
8.3,1.3,7.0,1.6,5.8,3.39,2,15.400000000000002,1,0.0,0.5389610039635712
6.7,1.6,8.6,3.1,4.0,3.54,1,12.299999999999999,0,0.0,0.5447154028686665
9.6,0.2,7.9,5.1,1.2,3.46,2,10.999999999999998,0,0.0,0.8727271933884372
6.2,3.5,5.1,4.4,4.8,2.97,2,14.5,0,0.0,0.4275861774078499
7.2,0.2,9.6,2.8,4.2,3.19,1,11.6,1,0.0,0.6206896016646896
5.1,2.8,7.4,0.7,8.0,3.15,0,15.899999999999999,0,3.552713678800501e-15,0.3207546968078807
7.5,3.3,9.3,2.4,1.5,3.36,1,12.3,0,0.0,0.6097560479873132
5.1,2.8,7.1,3.4,5.6,2.5,0,13.5,0,0.0,0.3777777497942407
9.6,0.5,8.4,0.0,5.5,3.7,2,15.6,0,0.0,0.6153845759368862
9.6,0.5,5.5,2.0,6.4,3.19,2,16.5,0,0.0,0.5818181465564759
7.9,1.8,5.2,1.9,7.2,3.07,2,16.900000000000002,0,0.0,0.46745559364168077
9.1,2.8,8.6,2.4,1.1,3.24,2,13.0,0,3.552713678800501e-15,0.6999999461538503
6.4,3.3,9.9,2.2,2.2,2.9,1,11.900000000000002,0,3.552713678800501e-15,0.5378150808558755
5.0,0.6,6.6,3.5,8.3,2.89,0,13.9,0,0.0,0.3597122043372515
8.9,3.0,8.0,2.6,1.5,3.29,2,13.4,0,0.0,0.6641790549120109
8.2,2.5,7.8,5.4,0.1,3.4,2,10.799999999999999,0,0.0,0.7592591889574826
9.4,0.9,5.4,2.9,5.4,3.56,2,15.700000000000001,0,0.0,0.5987260765142627
7.6,3.3,7.2,3.4,2.5,3.03,1,13.399999999999999,0,3.552713678800501e-15,0.5671641367787958
8.1,3.3,5.8,3.6,3.2,3.22,2,14.600000000000001,0,0.0,0.5547944825483231
8.0,0.7,5.6,5.9,3.8,2.93,2,12.5,0,0.0,0.6399999488000041
5.9,2.7,8.0,3.9,3.5,2.78,0,12.100000000000001,0,0.0,0.48760326548733346
5.4,3.6,6.9,1.9,6.2,2.35,0,15.200000000000001,0,0.0,0.35526313452216224
9.3,3.7,6.5,3.9,0.6,3.24,2,13.600000000000001,0,0.0,0.6838234791306266
8.9,3.7,6.2,3.0,2.2,3.49,2,14.8,0,0.0,0.6013513107195061
5.0,2.3,6.7,1.9,8.1,2.64,0,15.399999999999999,0,3.552713678800501e-15,0.3246753035925128
8.2,3.4,8.0,3.8,0.6,3.26,2,12.2,0,0.0,0.6721310924482712
7.3,0.0,7.8,4.0,4.9,2.75,1,12.2,0,0.0,0.5983606066917536
8.0,2.9,7.9,0.3,4.9,3.25,1,15.8,1,0.0,0.5063290818779063
6.4,0.3,7.1,3.3,6.9,2.77,1,13.600000000000001,1,0.0,0.47058820069204405
6.6,2.9,8.2,2.0,4.3,3.14,1,13.799999999999999,0,0.0,0.4782608349086352
8.2,2.2,5.1,4.2,4.3,3.48,2,14.7,0,3.552713678800501e-15,0.5578230913045517
6.9,3.8,9.1,2.5,1.7,2.88,1,12.399999999999999,0,0.0,0.5564515680280995
6.7,1.9,6.5,3.1,5.8,2.87,1,14.4,0,0.0,0.46527774546682327
5.8,3.9,5.5,5.6,3.2,2.88,2,12.9,0,0.0,0.4496123682471032
8.6,1.7,8.2,1.9,3.6,3.46,2,13.899999999999999,0,3.552713678800501e-15,0.6187049914600726
6.5,2.3,7.5,3.5,4.2,2.8,1,13.0,0,0.0,0.49999996153846454
5.4,0.2,6.3,0.4,11.7,2.53,0,17.3,0,0.0,0.3121387102809994
5.5,3.3,5.2,4.0,6.0,2.95,2,14.8,0,0.0,0.3716215965120543
7.4,1.2,7.6,2.3,5.5,3.03,1,14.1,0,0.0,0.524822657813996
7.8,0.5,10.0,2.4,3.3,3.43,1,11.6,0,0.0,0.6724137351367471
6.8,3.3,7.3,4.3,2.3,2.83,1,12.399999999999999,0,0.0,0.5483870525494313
5.5,3.4,8.7,1.3,5.1,2.74,0,14.0,0,0.0,0.3928571147959204
9.9,1.0,7.3,0.2,5.6,3.32,2,16.5,0,0.0,0.5999999636363659
7.0,2.3,9.8,2.5,2.4,3.09,1,11.7,0,0.0,0.5982905471546541
5.2,1.3,7.9,5.7,3.9,3.04,0,10.4,0,0.0,0.4999999519230816
9.3,0.9,6.1,1.2,6.5,3.29,2,16.7,1,0.0,0.5568861941984316
7.5,1.9,6.3,3.0,5.3,3.4,1,14.700000000000001,0,0.0,0.5102040469248947
5.2,0.5,9.4,4.5,4.4,2.9,0,10.100000000000001,0,0.0,0.5148514341731253
6.8,3.0,8.9,4.0,1.3,2.49,1,11.1,0,0.0,0.6126125574222921
8.6,0.8,6.7,2.8,5.1,3.52,2,14.5,0,0.0,0.5931034073721788
6.6,0.6,7.0,5.9,3.9,2.83,1,11.1,0,0.0,0.5945945410275189
6.1,2.4,7.2,0.4,7.9,3.29,1,16.4,0,3.552713678800501e-15,0.3719511968322441
7.6,3.5,6.4,0.5,6.0,3.12,1,17.1,0,0.0,0.4444444184535427
9.7,1.5,7.9,3.9,1.0,3.69,2,12.2,0,0.0,0.7950819020424671
5.7,1.2,5.7,4.9,6.5,2.66,2,13.399999999999999,0,0.0,0.4253731025840969
6.1,2.9,9.7,2.8,2.5,2.5,1,11.5,0,0.0,0.5304347364839359
6.6,1.9,8.0,5.9,1.6,3.41,1,10.1,0,0.0,0.6534652818351206
9.7,3.4,9.4,0.7,0.8,3.6,2,13.9,0,0.0,0.6978416764142679
7.0,3.8,7.1,3.6,2.5,3.11,1,13.3,0,0.0,0.5263157499010714
8.5,3.8,6.2,4.1,1.4,2.93,2,13.7,0,0.0,0.6204379109169409
8.9,2.2,8.3,1.5,3.1,3.37,2,14.2,0,0.0,0.6267605192422171
7.4,2.5,7.0,1.2,5.9,3.11,1,15.8,0,0.0,0.46835440073706325
8.7,1.6,6.8,2.4,4.5,3.42,2,14.799999999999999,0,3.552713678800501e-15,0.5878377981190677
7.0,2.2,7.7,3.0,4.1,3.05,1,13.3,0,0.0,0.5263157499010714
5.8,0.5,9.7,3.6,4.4,2.65,0,10.7,0,0.0,0.5420560241069137
8.3,1.6,9.5,2.9,1.7,3.12,2,11.6,0,0.0,0.715517179696795
9.8,3.3,9.3,0.3,1.3,3.73,2,14.400000000000002,1,0.0,0.6805555082947563
6.4,1.1,6.4,5.1,5.0,2.79,1,12.5,0,0.0,0.5119999590400033
6.2,3.2,7.8,0.0,6.8,2.8,1,16.2,0,0.0,0.38271602575827
7.1,1.6,5.6,4.1,5.6,3.28,2,14.299999999999999,0,0.0,0.4965034617829747
8.6,0.0,9.8,4.6,1.0,3.48,2,9.6,0,0.0,0.8958332400173709
9.5,0.1,9.7,3.8,0.9,3.57,2,10.5,0,0.0,0.9047618185941125
9.7,1.8,8.0,2.1,2.4,3.82,2,13.9,0,0.0,0.6978416764142679
9.7,0.3,7.5,4.1,2.4,3.53,2,12.4,0,0.0,0.7822580014308063
9.5,3.8,5.3,2.2,3.2,3.7,2,16.5,0,0.0,0.5757575408631793
5.1,1.3,7.7,5.5,4.4,2.8,0,10.8,0,0.0,0.4722221784979464
7.7,1.1,9.5,5.3,0.4,2.99,1,9.2,1,0.0,0.8369564307656056
7.0,3.6,6.9,4.4,2.1,2.84,1,12.7,0,0.0,0.5511810589621214
9.6,1.8,8.7,1.4,2.5,3.43,2,13.9,0,0.0,0.6906474323275229
5.1,0.4,7.5,4.1,6.9,3.01,0,12.4,0,0.0,0.4112902894120734
8.5,2.8,7.5,4.8,0.4,3.06,2,11.7,1,0.0,0.72649566440208
7.4,1.8,6.0,1.8,7.0,3.13,1,16.2,1,0.0,0.4567900952598707
6.2,1.2,8.9,2.0,5.7,2.85,1,13.1,0,0.0,0.47328240661966364
6.2,0.7,8.9,0.8,7.4,3.02,1,14.3,1,0.0,0.43356640324710466
8.4,2.5,9.1,0.2,3.8,2.65,2,14.7,0,3.552713678800501e-15,0.5714285325558822
6.5,1.1,5.7,1.7,9.0,3.02,2,16.6,0,0.0,0.3915662414719131
8.3,1.5,8.6,1.9,3.7,2.86,2,13.5,0,0.0,0.6148147692729802
6.5,2.2,5.1,0.5,9.7,3.1,2,18.4,0,0.0,0.35326085036625815
8.6,0.4,9.2,4.2,1.6,3.27,2,10.6,0,3.552713678800501e-15,0.8113206781772946
8.1,3.3,7.0,1.2,4.4,3.8,2,15.8,0,3.552713678800501e-15,0.51265819540138
7.7,2.3,9.7,3.9,0.4,3.3,1,10.399999999999999,0,0.0,0.740384544193794
9.4,3.2,9.7,0.2,1.5,3.4,2,14.100000000000001,0,0.0,0.6666666193853461
9.2,2.0,8.7,0.6,3.5,3.03,2,14.7,0,0.0,0.6258502975612042
6.3,2.9,5.8,2.1,6.9,2.78,2,16.099999999999998,1,0.0,0.3913043235214706
8.5,1.5,7.8,0.6,5.6,3.02,2,15.6,0,0.0,0.544871759944118
9.0,1.5,8.2,3.8,1.5,3.41,2,12.0,0,0.0,0.7499999375000053
8.1,1.7,5.9,5.7,2.6,3.17,2,12.399999999999999,0,3.552713678800501e-15,0.6532257537721167
8.8,0.8,6.7,4.9,2.8,3.53,2,12.400000000000002,0,0.0,0.7096773621227933
7.2,2.9,6.9,1.3,5.7,3.23,1,15.8,1,0.0,0.4556961736901156
8.2,3.9,6.6,2.4,2.9,3.32,2,15.0,0,0.0,0.5466666302222246
9.2,3.0,5.3,6.0,0.5,3.77,2,12.7,0,0.0,0.724409391778788
8.8,3.5,8.3,2.9,0.5,3.26,2,12.8,0,0.0,0.6874999462890667
9.4,0.8,5.4,4.7,3.7,3.25,2,13.900000000000002,1,0.0,0.6762589441540328
9.2,0.7,9.3,3.3,1.5,3.64,2,11.399999999999999,0,0.0,0.8070174730686428
7.1,0.8,6.4,3.0,6.7,3.08,1,14.600000000000001,0,0.0,0.4863013365547029
7.7,3.2,9.0,2.4,1.7,3.03,1,12.600000000000001,0,0.0,0.6111110626102331
5.3,3.5,5.4,1.5,8.3,2.91,2,17.1,0,0.0,0.30994150234260215
8.5,1.6,9.4,1.3,3.2,2.9,2,13.299999999999999,1,0.0,0.6390976963084439
7.7,3.5,9.6,0.9,2.3,3.39,1,13.5,0,0.0,0.5703703281207165
7.3,2.2,9.7,4.8,0.0,3.25,1,9.5,0,0.0,0.7684209717451609
6.9,0.0,5.0,2.8,9.3,2.85,2,16.200000000000003,1,0.0,0.42592589963420363
7.4,0.1,8.4,1.8,6.3,2.75,1,13.799999999999999,1,0.0,0.536231845200591
5.8,1.6,6.2,3.2,7.2,2.98,0,14.6,0,0.0,0.3972602467629968
6.0,2.0,5.8,4.0,6.2,2.81,2,14.2,0,0.0,0.42253518151160696
7.3,0.3,8.0,1.6,6.8,3.15,1,14.4,0,0.0,0.5069444092399715
7.6,2.1,9.6,2.6,2.1,2.78,1,11.799999999999999,0,0.0,0.6440677420281575
9.7,3.1,6.4,4.1,0.7,3.76,2,13.499999999999998,0,0.0,0.7185184652949286
7.2,3.3,9.1,0.8,3.6,2.87,1,14.100000000000001,0,0.0,0.5106382616568609
6.5,1.2,8.6,1.4,6.3,3.18,1,14.0,0,0.0,0.4642856811224514
5.0,2.9,5.9,0.6,9.6,2.63,2,17.5,0,0.0,0.285714269387756
7.4,0.2,9.9,4.3,2.2,2.84,1,9.8,1,0.0,0.7551019637651057
6.6,1.3,7.2,3.8,5.1,2.93,1,13.0,0,0.0,0.5076922686390563
9.3,1.0,6.9,5.2,1.6,3.32,2,11.9,0,0.0,0.7815125393686942
8.3,1.4,8.4,0.1,5.8,3.23,2,15.500000000000002,0,0.0,0.5354838364203977
9.1,3.8,9.6,1.4,0.1,3.71,2,13.0,0,3.552713678800501e-15,0.6999999461538503
7.6,1.4,7.3,4.1,3.6,3.09,1,12.6,0,0.0,0.6031745553036068
9.6,3.3,9.9,1.1,0.1,3.5,2,13.0,0,0.0,0.7384614816568091
6.4,0.4,5.6,1.7,9.9,3.21,2,16.7,1,0.0,0.3832335099860174
9.5,2.5,5.0,1.1,5.9,3.52,2,17.9,0,0.0,0.5307262273337303
5.5,1.5,7.5,0.3,9.2,2.61,0,16.2,0,0.0,0.3395061518823363
8.2,1.9,7.5,2.6,3.8,3.13,2,13.9,0,0.0,0.5899280151130925
9.8,0.9,7.6,4.2,1.5,3.62,2,12.200000000000001,0,0.0,0.8032786226820802
6.9,1.9,5.4,3.7,6.1,3.05,2,14.9,0,0.0,0.46308721724246865
6.4,0.6,7.7,3.2,6.1,3.0,1,13.1,0,0.0,0.4885495810267496
8.1,0.8,7.3,4.3,3.5,3.12,2,12.4,0,0.0,0.6532257537721167
7.6,1.6,6.6,3.7,4.5,3.18,1,13.7,0,3.552713678800501e-15,0.5547444850551471
5.4,1.8,9.5,0.6,6.7,2.9,0,13.900000000000002,0,0.0,0.3884891806842316
9.9,3.8,5.4,4.6,0.3,3.69,2,14.0,0,0.0,0.7071428066326567
7.1,1.8,8.2,4.6,2.3,2.98,1,11.2,0,0.0,0.6339285148278112
5.2,2.4,5.9,2.1,8.4,2.69,2,16.0,0,0.0,0.3249999796875013
6.7,0.4,5.7,0.2,11.0,2.58,2,18.099999999999998,0,0.0,0.3701657254052086
7.4,3.8,5.6,5.7,1.5,3.27,2,12.7,0,3.552713678800501e-15,0.5826771194742426
8.2,3.3,5.5,3.0,4.0,3.5,2,15.5,0,0.0,0.5290322239334049
8.5,2.3,9.2,0.3,3.7,3.34,2,14.5,0,0.0,0.5862068561236651
6.9,1.4,8.1,5.3,2.3,3.42,1,10.6,1,0.0,0.6509433348166667
7.5,3.3,7.0,0.6,5.6,2.82,1,16.4,0,0.0,0.457317045285546
8.6,3.0,5.3,1.3,5.8,3.06,2,17.4,0,0.0,0.4942528451578824
6.4,2.2,5.7,0.8,8.9,2.89,2,17.5,0,0.0,0.36571426481632774
6.8,3.2,7.6,0.8,5.6,2.78,1,15.599999999999998,0,0.0,0.4358974079552944
8.7,1.6,6.3,2.3,5.1,2.87,2,15.399999999999999,0,0.0,0.5649350282509722
6.2,1.6,5.1,4.6,6.5,2.92,2,14.299999999999999,0,0.0,0.4335664032471047
5.9,0.2,8.3,4.6,5.0,2.88,0,11.1,0,0.0,0.5315314836458124
6.0,2.9,8.5,1.5,5.1,3.17,1,14.0,0,0.0,0.42857139795918586
9.5,0.4,9.9,3.6,0.6,3.5,2,10.5,0,0.0,0.9047618185941125
8.6,0.8,7.2,0.4,7.0,3.32,2,16.4,0,3.552713678800501e-15,0.5243902119274261
6.9,3.0,6.9,2.0,5.2,3.23,1,15.100000000000001,0,0.0,0.45695361212227736
5.2,1.5,5.8,4.2,7.3,2.83,2,14.0,0,0.0,0.3714285448979611
5.5,2.7,6.4,1.2,8.2,2.75,0,16.4,0,3.552713678800501e-15,0.33536583320940044
7.4,2.0,6.6,0.8,7.2,3.1,1,16.6,1,0.0,0.4457831056757165
6.9,2.7,8.9,2.9,2.6,2.77,1,12.2,0,0.0,0.5655737241333014
6.4,0.6,6.2,1.3,9.5,3.04,1,16.5,0,0.0,0.38787876437098395
7.6,2.3,9.7,0.9,3.5,3.36,1,13.399999999999999,0,3.552713678800501e-15,0.5671641367787958
7.8,1.0,6.3,0.2,8.7,3.27,1,17.5,0,0.0,0.44571426024489935
6.5,3.0,5.2,1.3,8.0,3.17,2,17.5,0,0.0,0.37142855020408283
7.3,2.8,6.9,1.0,6.0,3.24,1,16.1,0,0.0,0.45341612090583094
7.0,2.3,9.7,0.3,4.7,2.64,1,14.0,0,0.0,0.49999996428571686
7.5,0.1,6.6,4.9,4.9,3.14,1,12.5,0,0.0,0.5999999520000039
7.8,1.8,6.4,1.8,6.2,3.39,1,15.8,1,0.0,0.49367085483095857
9.8,1.8,7.0,4.6,0.8,3.39,2,12.400000000000002,0,0.0,0.7903225169094744
7.1,2.2,6.2,4.5,4.0,3.34,1,13.3,0,0.0,0.5338345463282296
8.9,0.9,8.6,4.5,1.1,3.36,2,10.9,0,0.0,0.8165136865583774
6.7,0.7,5.0,2.7,8.9,3.15,2,16.3,0,0.0,0.411042919567919
5.9,3.4,6.3,1.4,7.0,2.48,0,16.3,0,0.0,0.3619631679777197
7.4,2.0,6.1,1.6,6.9,3.22,1,16.3,0,0.0,0.45398770220934337
8.9,1.8,8.6,3.5,1.2,3.17,2,11.9,0,0.0,0.7478990968152021
5.7,3.9,9.1,1.1,4.2,2.81,0,13.8,0,0.0,0.4130434483301849
5.7,3.0,7.3,4.7,3.3,2.82,0,12.0,0,0.0,0.47499996041667003
8.7,2.4,8.4,0.1,4.4,3.51,2,15.5,0,0.0,0.5612902863683686
5.0,0.1,9.3,4.1,5.5,2.47,0,10.6,0,0.0,0.4716980687077294
6.3,2.8,9.0,1.8,4.1,2.79,1,13.2,0,0.0,0.47727269111570525
7.5,3.1,6.1,1.6,5.7,3.07,1,16.3,0,0.0,0.4601226711581183
6.2,4.0,6.0,3.5,4.3,2.88,1,14.5,0,0.0,0.4275861774078499
8.2,3.0,9.9,0.5,2.4,3.3,2,13.6,0,0.0,0.6029411321366814
8.8,1.4,5.9,2.5,5.4,3.29,2,15.600000000000001,0,0.0,0.5641025279421457
7.7,4.0,7.0,3.3,2.0,3.44,1,13.7,0,0.0,0.5620437545953465
6.8,1.6,8.5,5.6,1.5,3.33,1,9.9,0,0.0,0.6868686174880184
5.4,0.8,7.5,0.1,10.2,2.86,0,16.4,0,0.0,0.32926827260559316
6.3,2.1,5.1,1.6,8.9,3.49,2,17.3,0,0.0,0.3641618286611659
9.6,2.6,7.1,4.4,0.3,3.54,2,12.5,0,0.0,0.7679999385600049
8.9,0.8,5.7,4.1,4.5,3.62,2,14.200000000000001,0,0.0,0.626760519242217
8.7,2.5,9.9,1.5,1.4,3.36,2,12.6,0,0.0,0.6904761356764971
5.6,3.3,6.3,4.7,4.1,2.85,0,13.0,0,3.552713678800501e-15,0.43076919763313865
8.0,1.8,6.8,2.1,5.3,3.23,1,15.100000000000001,1,0.0,0.5298012894171331
8.2,3.0,8.4,0.9,3.5,3.52,2,14.7,0,0.0,0.5578230913045517
7.4,2.1,8.9,3.7,1.9,3.1,1,11.4,0,0.0,0.6491227500769517
7.0,3.6,5.8,6.0,1.6,2.99,2,12.2,0,0.0,0.5737704447729144
8.6,3.2,9.3,2.9,0.0,3.38,2,11.8,0,0.0,0.7288134975581781
6.5,2.8,5.6,2.4,6.7,2.9,2,16.0,0,0.0,0.40624997460937656
8.0,2.0,8.2,5.6,0.2,3.4,1,10.2,0,0.0,0.7843136485967013
5.3,2.3,9.3,2.9,4.2,2.82,0,11.8,0,0.0,0.4491525043091098
6.7,0.6,9.2,3.1,4.4,2.85,1,11.700000000000001,0,0.0,0.5726495237051689
9.7,3.2,8.5,0.0,2.6,3.19,2,15.5,0,0.0,0.6258064112382961
9.6,0.7,6.4,3.1,4.2,3.38,2,14.5,0,0.0,0.6620689198573159
6.3,0.8,8.0,0.5,8.4,2.91,1,15.5,0,0.0,0.4064515866805428
8.6,2.2,7.1,3.4,2.7,3.18,2,13.5,0,0.0,0.6370369898491118
6.8,3.7,5.3,4.0,4.2,3.04,2,14.7,0,0.0,0.46258500254523793
5.9,1.2,8.6,0.5,7.8,2.92,0,14.899999999999999,0,0.0,0.39597312778703847
9.1,2.9,8.6,0.3,3.1,3.56,2,15.1,0,0.0,0.602648966711989
9.2,0.2,5.1,2.2,7.3,3.61,2,16.7,0,3.552713678800501e-15,0.5508981706048999
5.7,2.2,9.6,2.3,4.2,2.98,0,12.100000000000001,1,0.0,0.4710743412335255
5.5,2.4,7.3,5.6,3.2,2.77,0,11.1,0,0.0,0.49549545085626573
5.6,0.8,5.1,2.6,9.9,2.97,2,16.3,0,0.0,0.343558261131395
8.0,2.5,7.7,0.5,5.3,3.12,1,15.8,0,0.0,0.5063290818779063
7.2,4.0,9.2,3.2,0.4,2.95,1,11.600000000000001,0,3.552713678800501e-15,0.6206896016646894
7.4,2.7,9.4,3.4,1.1,3.04,1,11.2,0,0.0,0.6607142267219441
9.7,0.2,5.1,4.0,5.0,3.25,2,14.899999999999999,0,0.0,0.6510066677176733
6.7,1.1,7.6,2.6,6.0,2.83,1,13.799999999999999,0,0.0,0.4855072111951297
7.6,2.7,6.9,1.5,5.3,3.05,1,15.599999999999998,0,0.0,0.4871794559500349
8.7,3.0,8.3,0.9,3.1,3.1,2,14.799999999999999,0,0.0,0.5878377981190677
7.9,2.3,7.4,3.3,3.1,3.75,1,13.3,0,0.0,0.5939849177454949
8.6,0.4,8.7,0.8,5.5,3.22,2,14.5,0,0.0,0.5931034073721788
5.3,3.9,9.8,0.3,4.7,2.53,0,13.9,0,0.0,0.3812949365974866
7.4,3.3,9.8,2.2,1.3,3.06,1,12.0,0,0.0,0.6166666152777821
6.8,2.4,6.6,5.5,2.7,3.05,1,11.9,0,0.0,0.5714285234093678
6.6,1.2,5.2,4.9,6.1,3.2,2,13.899999999999999,0,0.0,0.474820109725172
7.3,1.3,7.4,4.9,3.1,2.83,1,11.700000000000001,0,0.0,0.6239315706041393
6.9,1.3,5.9,3.6,6.3,2.94,2,14.5,0,0.0,0.4758620361474458
7.4,3.5,5.2,3.9,4.0,3.26,2,14.9,0,0.0,0.4966442619701838
9.4,2.9,9.6,0.7,1.4,3.57,2,13.700000000000001,0,0.0,0.6861313367787345
7.5,0.1,5.0,1.4,10.0,3.07,2,17.6,0,0.0,0.4261363394240716
5.9,0.1,9.5,0.0,8.5,2.79,0,14.5,0,0.0,0.4068965236623088
8.7,0.6,9.6,4.6,0.5,3.57,2,9.799999999999999,0,0.0,0.8877550114535704
5.0,3.9,9.4,5.1,0.6,2.98,0,9.5,0,0.0,0.526315734072028
8.3,1.4,9.5,1.4,3.4,3.06,2,13.100000000000001,0,0.0,0.6335877378940659
9.6,0.6,6.1,3.3,4.4,3.47,2,14.6,0,0.0,0.6575342015387533
8.8,2.5,6.2,0.0,6.5,3.29,2,17.8,0,0.0,0.4943819946976407
9.5,1.6,7.6,2.5,2.8,3.7,2,13.9,0,0.0,0.6834531882407778
7.2,3.1,7.6,1.9,4.2,2.79,1,14.5,0,0.0,0.4965516898929869
5.7,2.6,8.4,4.5,2.8,2.94,0,11.1,0,0.0,0.5135134672510391
7.5,3.6,9.7,2.6,0.6,2.84,1,11.7,0,0.0,0.6410255862371295
9.9,1.1,6.0,2.7,4.3,3.68,2,15.299999999999999,0,0.0,0.6470587812379882
5.3,3.9,7.9,3.3,3.6,2.79,0,12.8,0,0.0,0.4140624676513697
5.2,2.4,8.6,2.5,5.3,3.21,0,12.9,0,0.0,0.4031007439456788
8.8,0.9,6.1,1.0,7.2,3.53,2,16.9,0,0.0,0.5207100283603534
9.1,1.5,7.9,4.0,1.5,3.29,2,12.1,0,0.0,0.7520660535482601
6.2,0.7,9.9,3.7,3.5,2.73,1,10.399999999999999,0,0.0,0.5961537888313666
6.3,2.0,6.6,1.0,8.1,3.09,1,16.4,0,0.0,0.38414631803985866
6.3,0.1,8.5,3.0,6.1,2.99,1,12.499999999999998,0,0.0,0.5039999596800033
5.5,3.0,5.1,1.5,8.9,2.66,2,17.4,0,0.0,0.3160919358567853
9.5,2.9,5.4,4.9,1.3,3.67,2,13.700000000000001,0,0.0,0.6934306063189338
8.0,2.7,10.0,0.8,2.5,3.2,1,13.2,0,0.0,0.6060605601469273
8.1,1.8,5.2,0.1,8.8,3.28,2,18.7,1,0.0,0.4331550570505317
7.8,2.2,5.2,2.8,6.0,3.0,2,16.0,0,0.0,0.48749996953125185
9.6,1.6,8.1,3.7,1.0,3.46,2,12.2,0,3.552713678800501e-15,0.786885181402854
9.3,1.6,9.4,0.9,2.8,3.69,2,13.700000000000001,0,0.0,0.6788320672385353
6.4,0.2,9.0,2.5,5.9,2.81,1,12.5,0,0.0,0.5119999590400033
9.5,3.3,7.8,2.1,1.3,3.28,2,14.100000000000001,1,0.0,0.6737588174639136
7.4,1.6,9.6,0.7,4.7,2.75,1,13.700000000000001,0,3.552713678800501e-15,0.5401459459747485
7.5,1.8,7.6,0.8,6.3,2.93,1,15.600000000000001,1,0.0,0.4807691999506923
7.6,1.0,5.9,0.4,9.1,3.06,2,17.7,0,0.0,0.4293785068147736
8.1,2.9,8.4,2.2,2.4,3.52,2,13.4,0,0.0,0.6044775668300323
6.9,1.5,8.2,3.0,4.4,2.99,1,12.8,0,0.0,0.5390624578857455
8.2,1.2,5.1,5.3,4.2,3.19,2,13.599999999999998,0,3.552713678800501e-15,0.6029411321366815
6.1,3.7,8.6,4.3,1.3,2.79,1,11.1,1,0.0,0.5495495000405856
7.6,0.7,6.5,1.9,7.3,3.0,1,15.599999999999998,0,3.552713678800501e-15,0.4871794559500349
5.8,0.8,8.9,1.0,7.5,2.89,0,14.100000000000001,0,0.0,0.41134748855691566
9.9,1.3,5.6,3.4,3.8,3.43,2,15.0,0,0.0,0.6599999560000029
9.5,3.1,8.1,1.0,2.3,3.25,2,14.9,0,0.0,0.6375838498265872
8.4,2.9,9.8,0.8,2.1,3.28,2,13.4,1,0.0,0.6268656248607744
5.1,2.2,8.5,4.7,3.5,2.64,0,10.8,0,0.0,0.4722221784979464
7.6,1.3,9.3,2.7,3.1,2.98,1,12.0,0,0.0,0.6333332805555599
9.0,2.3,8.9,1.3,2.5,3.24,2,13.8,1,0.0,0.6521738657845024
7.7,0.9,7.4,1.9,6.1,3.31,1,14.700000000000001,0,0.0,0.5238094881762253
6.3,3.9,5.8,4.7,3.3,2.73,2,13.5,0,0.0,0.466666632098768
5.2,1.6,9.7,0.1,7.4,2.95,0,14.200000000000001,0,0.0,0.36619715731005936
7.9,2.0,9.4,0.4,4.3,3.42,1,14.2,0,0.0,0.5563379889902825
8.3,3.8,9.1,0.1,2.7,3.48,2,14.8,0,0.0,0.560810772918191
7.4,1.6,6.6,2.7,5.7,2.88,1,14.700000000000001,0,3.552713678800501e-15,0.5034013262992295
9.9,0.4,9.6,2.0,2.1,3.09,2,12.4,0,0.0,0.7983870323881426
8.1,3.3,6.8,2.5,3.3,2.86,2,14.7,0,0.0,0.5510203706788864
9.6,3.3,5.5,0.6,5.0,3.19,2,17.9,0,0.0,0.5363128192004012
7.1,0.4,8.1,0.9,7.5,3.02,1,15.0,0,0.0,0.4733333017777799
6.6,2.7,7.4,5.9,1.4,2.99,1,10.7,0,0.0,0.6168223722595915
9.4,1.4,5.2,5.1,2.9,3.59,2,13.700000000000001,0,0.0,0.6861313367787345
9.5,0.9,9.5,1.3,2.8,3.24,2,13.200000000000001,0,0.0,0.7196969151744761
9.9,1.1,9.8,0.2,3.0,3.54,2,14.0,0,0.0,0.7071428066326567
7.4,0.9,8.5,1.1,6.1,3.48,1,14.4,0,0.0,0.513888853202163
7.8,1.0,9.8,0.2,5.2,3.04,1,14.0,0,0.0,0.5571428173469416
7.1,0.9,7.5,5.2,3.3,2.92,1,11.299999999999999,0,0.0,0.6283185284673869
8.6,2.3,5.4,4.2,3.5,3.38,2,14.399999999999999,0,3.552713678800501e-15,0.5972221807484598
6.3,1.7,6.8,5.2,4.0,2.84,1,12.0,0,0.0,0.5249999562500036
5.6,2.3,5.7,4.2,6.2,2.81,2,14.100000000000001,0,0.0,0.39716309239978065
7.4,3.7,7.6,2.6,2.7,3.29,1,13.8,0,0.0,0.536231845200591
7.9,2.8,5.5,4.9,2.9,3.03,2,13.600000000000001,0,0.0,0.5808823102292419
8.9,1.5,5.5,3.8,4.3,3.31,2,14.7,0,0.0,0.6054421356842086
9.4,3.6,9.8,1.0,0.2,3.32,2,13.2,0,0.0,0.7121211581726397
8.0,2.4,6.8,5.4,1.4,3.42,1,11.8,0,0.0,0.6779660442401657
7.5,1.9,10.0,2.3,2.3,3.14,1,11.700000000000001,0,0.0,0.6410255862371294
9.1,3.1,8.9,2.1,0.8,3.1,2,13.0,0,0.0,0.6999999461538503
6.3,3.4,9.5,0.9,3.9,2.97,1,13.6,0,0.0,0.4632352600562309
8.2,2.2,5.3,4.5,3.8,3.43,2,14.2,0,0.0,0.5774647480658628
7.5,2.6,7.5,3.0,3.4,3.02,1,13.5,0,0.0,0.5555555144032953
5.8,0.8,9.9,0.9,6.6,2.71,0,13.2,0,0.0,0.4393939061065223
6.3,2.4,8.1,0.9,6.3,3.07,1,15.0,0,0.0,0.4199999720000019
6.2,1.2,9.7,5.0,1.9,3.06,1,9.299999999999999,0,0.0,0.6666665949820867
8.5,0.3,7.1,3.4,4.7,3.23,2,13.5,0,0.0,0.6296295829904013
8.0,1.3,8.9,4.9,0.9,2.93,1,10.200000000000001,0,0.0,0.784313648596701
6.6,3.4,5.5,5.0,3.5,2.9,2,13.5,0,0.0,0.4888888526748998
9.5,1.5,6.4,3.0,3.6,3.86,2,14.6,0,0.0,0.6506848869393913
7.3,1.4,8.5,4.6,2.2,3.28,1,10.9,0,0.0,0.669724709199568
7.0,2.7,7.4,6.0,0.9,2.85,1,10.600000000000001,0,0.0,0.6603772961908211
8.6,3.8,9.2,2.2,0.2,3.26,2,12.599999999999998,0,3.552713678800501e-15,0.6825396283698709
6.3,1.5,5.1,3.1,8.0,3.21,2,15.8,0,0.0,0.39873415197885115
7.5,2.1,9.9,4.1,0.4,3.04,1,10.0,0,0.0,0.7499999250000076
7.1,1.4,9.0,3.1,3.4,2.85,1,11.9,0,0.0,0.596638605324487
7.9,3.4,9.0,0.5,3.2,3.08,1,14.500000000000002,0,0.0,0.5448275486325829
6.5,0.2,7.4,2.1,7.8,3.32,1,14.5,0,0.0,0.448275831153391
6.3,2.8,8.8,1.5,4.6,2.65,1,13.7,0,0.0,0.45985398103255615
6.2,0.0,6.2,0.8,10.8,3.14,1,17.0,0,0.0,0.36470586089965523
8.1,0.7,7.6,3.5,4.1,3.04,2,12.899999999999999,0,0.0,0.6279069280692304
9.0,1.7,7.3,3.1,2.9,3.58,2,13.6,0,0.0,0.661764657223187
